id,first_name,last_name,email,gender,age,company,salary
1,Gisela,Tweede,gtweede0@exblog.jp,Female,35,Oyoloo,63099.37
2,Harmony,Ellesworth,hellesworth1@blogtalkradio.com,Female,59,Skaboo,533424.84
3,Juliana,Wink,jwink2@ucoz.com,Female,58,Yodel,46834.56
4,Hercule,Niland,hniland3@icq.com,Male,38,Kaymbo,124677.92
5,Dorry,Peagram,dpeagram4@walmart.com,Female,20,Yambee,409281.37
6,Zitella,Caisley,zcaisley5@tripadvisor.com,Female,58,Eamia,278978.33
7,Octavia,Wabe,owabe6@domainmarket.com,Female,53,Devbug,193870.8
8,Yankee,Brentnall,ybrentnall7@springer.com,Male,43,Fadeo,444818.89
9,Bonita,Luckman,bluckman8@irs.gov,Female,49,Skiba,73555.8
10,Burton,Perrelle,bperrelle9@cafepress.com,Male,57,Cogibox,577037.0
11,Abe,Lanyon,alanyona@plala.or.jp,Male,39,Skyvu,492131.64
12,Illa,Ahrend,iahrendb@addtoany.com,Female,38,Babbleset,389062.95
13,Brod,Tolotti,btolottic@instagram.com,Male,22,Janyx,122743.67
14,Huey,Goncaves,hgoncavesd@prlog.org,Male,34,Jayo,245279.12
15,Merrily,Starling,mstarlinge@tmall.com,Female,24,Wikivu,593136.77
16,Gusti,Viveash,gviveashf@google.nl,Female,19,Dabjam,432263.3
17,Harmon,Pledger,hpledgerg@addtoany.com,Male,25,Feedbug,101993.94
18,Tallulah,Mundell,tmundellh@studiopress.com,Female,23,Aimbo,452510.26
19,Clerkclaude,Filipputti,cfilipputtii@scientificamerican.com,Male,58,Feedmix,261510.65
20,Donn,Lauder,dlauderj@ucoz.com,Male,60,Livetube,520337.99
21,Kayle,Growy,kgrowyk@admin.ch,Female,34,Trudeo,227171.12
22,Jerry,Avieson,javiesonl@yellowbook.com,Male,57,Skibox,308432.94
23,Aube,Leither,aleitherm@vistaprint.com,Male,26,Aivee,296496.5
24,Nesta,Lambal,nlambaln@va.gov,Non-binary,43,Zoonoodle,425337.99
25,Eydie,Yearsley,eyearsleyo@nba.com,Female,41,Tazzy,501231.77
26,Erhard,Pearson,epearsonp@globo.com,Male,36,Buzzster,330284.42
27,Boothe,Guerreru,bguerreruq@unicef.org,Male,45,Tagchat,531413.76
28,Ambros,Hibbart,ahibbartr@berkeley.edu,Male,55,Agimba,441415.08
29,Ethelind,Pelham,epelhams@nbcnews.com,Female,45,Jatri,180351.08
30,Rhianon,Clementel,rclementelt@slideshare.net,Female,20,Buzzdog,140390.98
31,Fionnula,Faucett,ffaucettu@npr.org,Female,45,Feedspan,387708.52
32,Glynn,Martugin,gmartuginv@vinaora.com,Male,33,Snaptags,466895.06
33,Taber,Gilmartin,tgilmartinw@cyberchimps.com,Male,19,Fliptune,592697.81
34,Rochell,Wateridge,rwateridgex@smh.com.au,Polygender,45,Topiclounge,45147.01
35,Rowney,Salvin,rsalviny@comsenz.com,Male,30,Gigazoom,97843.04
36,Ogden,Southcomb,osouthcombz@github.io,Male,50,Feedfire,350972.27
37,Eva,Wigglesworth,ewigglesworth10@eepurl.com,Female,56,Katz,580949.85
38,Orville,Crallan,ocrallan11@yolasite.com,Male,18,Yata,415201.87
39,Minny,Doudney,mdoudney12@elpais.com,Female,50,Wordware,493619.28
40,Michel,Arthars,marthars13@instagram.com,Female,54,Ntags,330751.63
41,Vachel,Milligan,vmilligan14@mapy.cz,Male,48,Demimbu,61373.63
42,Adiana,Hargroves,ahargroves15@e-recht24.de,Female,50,Twitterbridge,548786.71
43,Halsey,Hulland,hhulland16@ifeng.com,Male,36,Jabbersphere,110606.68
44,Jilli,Dowry,jdowry17@godaddy.com,Female,38,Pixope,38829.25
45,Kaila,Warcop,kwarcop18@thetimes.co.uk,Female,27,Divape,545807.23
46,Dena,O' Mulderrig,domulderrig19@aboutads.info,Female,20,Muxo,511753.95
47,Cirillo,Estrella,cestrella1a@shutterfly.com,Male,33,Zoombeat,79905.94
48,Fallon,Littlejohns,flittlejohns1b@mlb.com,Non-binary,35,Dabfeed,24454.46
49,Serena,Geaves,sgeaves1c@wired.com,Female,53,Wordpedia,20236.43
50,Sisile,Allflatt,sallflatt1d@mail.ru,Female,56,Mynte,153596.42
51,Georgi,Morritt,gmorritt1e@istockphoto.com,Genderqueer,38,Jaloo,149631.24
52,Dunstan,Cure,dcure1f@japanpost.jp,Male,32,Photofeed,468107.0
53,Seward,Isgar,sisgar1g@purevolume.com,Male,28,Thoughtstorm,349090.31
54,Ulrikaumeko,Hubatsch,uhubatsch1h@marketwatch.com,Female,33,Fanoodle,194778.32
55,Murvyn,Hove,mhove1i@mozilla.org,Male,36,Yakitri,92340.65
56,Trefor,Jorry,tjorry1j@wordpress.org,Male,48,Twinder,535251.73
57,Kamila,Edgeler,kedgeler1k@soundcloud.com,Female,41,Zoomdog,559820.86
58,Willow,Dearing,wdearing1l@histats.com,Female,36,Twitterworks,149700.51
59,Rubetta,Aronovitz,raronovitz1m@npr.org,Female,35,Twitterbridge,388087.78
60,Hugues,Ballantine,hballantine1n@go.com,Male,44,Camido,411252.43
61,Grenville,Hainsworth,ghainsworth1o@timesonline.co.uk,Male,26,Jabbersphere,489569.78
62,Daphna,L'oiseau,dloiseau1p@biblegateway.com,Female,26,Trupe,223534.38
63,Everett,Deave,edeave1q@4shared.com,Agender,18,Oyoba,312498.61
64,Arabel,Gorrie,agorrie1r@t.co,Agender,21,Edgepulse,588389.67
65,Alvie,Lilie,alilie1s@livejournal.com,Male,39,Gigazoom,286442.47
66,Rodie,Arran,rarran1t@webeden.co.uk,Female,30,Kazio,392972.98
67,Lockwood,Klich,lklich1u@ox.ac.uk,Male,38,Zoomlounge,226258.71
68,Twyla,Jerger,tjerger1v@biblegateway.com,Female,50,Kazio,571693.78
69,Zacharias,Axel,zaxel1w@e-recht24.de,Male,27,Mycat,130071.11
70,Horst,Dewsnap,hdewsnap1x@mapquest.com,Male,19,Lazz,139621.92
71,Lilas,O'Dowgaine,lodowgaine1y@go.com,Female,35,Twitternation,467736.19
72,Kippar,Mithan,kmithan1z@unc.edu,Male,36,Rhynyx,154120.89
73,Phyllida,Menat,pmenat20@alexa.com,Female,29,Yotz,513287.37
74,Saundra,Dollen,sdollen21@so-net.ne.jp,Non-binary,51,Dynava,194912.26
75,Gustavus,Puckring,gpuckring22@guardian.co.uk,Male,45,LiveZ,359152.71
76,Deanne,Fevers,dfevers23@wsj.com,Female,59,Agimba,205400.65
77,Caprice,Giamelli,cgiamelli24@fda.gov,Female,41,Yabox,29593.07
78,Ogdon,Peartree,opeartree25@theglobeandmail.com,Male,58,Ainyx,220447.21
79,Ashia,Yesenev,ayesenev26@clickbank.net,Genderfluid,21,Blogpad,598509.65
80,Lindy,McAvinchey,lmcavinchey27@miitbeian.gov.cn,Male,34,Skyvu,317165.79
81,Jakob,Eacle,jeacle28@jiathis.com,Male,47,Aimbo,170739.9
82,Teddi,Shark,tshark29@mashable.com,Female,36,Ozu,348979.82
83,Benedicta,Demke,bdemke2a@mapy.cz,Female,18,Topdrive,208060.74
84,Tore,Davidsohn,tdavidsohn2b@angelfire.com,Male,19,Voomm,239460.67
85,Nananne,Rouch,nrouch2c@wufoo.com,Polygender,32,Shufflester,92579.29
86,Olvan,McIntosh,omcintosh2d@purevolume.com,Male,19,Jaxspan,476299.15
87,Dame,Sherbrooke,dsherbrooke2e@friendfeed.com,Male,41,Divape,65913.79
88,Jerad,Giacubo,jgiacubo2f@salon.com,Male,26,Zoovu,457715.03
89,Brigham,Priddle,bpriddle2g@army.mil,Male,35,Devpoint,42363.89
90,Irene,Beddall,ibeddall2h@google.com.hk,Female,53,Quatz,399449.52
91,Sheeree,MacCard,smaccard2i@gnu.org,Female,45,Wordtune,273041.95
92,Dorelle,Darke,ddarke2j@sfgate.com,Female,23,Midel,326642.56
93,Stern,Moraleda,smoraleda2k@apple.com,Male,26,Roomm,21025.0
94,Bari,Ricioppo,bricioppo2l@4shared.com,Female,38,Aivee,488227.53
95,Emmi,Seegar,eseegar2m@stumbleupon.com,Female,60,Mynte,442052.85
96,Janifer,Stiven,jstiven2n@huffingtonpost.com,Female,50,Innotype,31641.69
97,Stace,Mahaffey,smahaffey2o@vkontakte.ru,Polygender,23,Oyondu,212427.66
98,Astra,Bispham,abispham2p@woothemes.com,Female,43,Realcube,383266.7
99,Clemmy,Salatino,csalatino2q@reuters.com,Male,29,Eidel,402661.6
100,Nyssa,M'cowis,nmcowis2r@foxnews.com,Female,46,Teklist,468853.41
101,Marnia,Tamburi,mtamburi2s@unicef.org,Female,59,Plajo,59575.28
102,Cornelle,Kemery,ckemery2t@foxnews.com,Female,57,Dabvine,65320.03
103,Hirsch,Stigger,hstigger2u@house.gov,Male,43,Roomm,398091.1
104,Falito,Barkus,fbarkus2v@wix.com,Male,52,Podcat,185536.96
105,Evan,Andersson,eandersson2w@ted.com,Male,30,Dynabox,348485.68
106,Ernaline,Hutchcraft,ehutchcraft2x@gmpg.org,Female,34,Jetwire,228522.91
107,Lorettalorna,MacGilmartin,lmacgilmartin2y@goo.gl,Female,25,Jabbertype,151134.45
108,Bobby,Vecard,bvecard2z@mac.com,Female,46,Demizz,263475.93
109,Nanete,Mulvey,nmulvey30@ifeng.com,Female,51,LiveZ,350534.22
110,Shana,Curreen,scurreen31@theglobeandmail.com,Female,44,JumpXS,427580.0
111,Birgitta,Fallanche,bfallanche32@ucoz.com,Female,49,Oyoloo,154015.47
112,Bendix,Pothergill,bpothergill33@icq.com,Male,38,Myworks,529429.0
113,Anette,Doust,adoust34@vimeo.com,Female,40,Wikizz,498806.23
114,Kennedy,Brauns,kbrauns35@squarespace.com,Male,51,LiveZ,594181.91
115,Britni,Eynald,beynald36@discuz.net,Female,52,Photobean,386806.91
116,Vivyan,Smithend,vsmithend37@un.org,Genderqueer,22,Skyndu,138275.64
117,Waylan,Bridgstock,wbridgstock38@last.fm,Genderqueer,20,Viva,286658.28
118,Vivi,Gerhartz,vgerhartz39@livejournal.com,Female,22,Realcube,524908.81
119,Vonni,Fishpool,vfishpool3a@list-manage.com,Female,23,Tazzy,449156.2
120,Brodie,Birkbeck,bbirkbeck3b@livejournal.com,Male,32,Fivechat,156767.19
121,Shepard,Ferreli,sferreli3c@gnu.org,Male,25,Skilith,533152.21
122,Zoe,Dedden,zdedden3d@unicef.org,Female,53,Topiczoom,507365.27
123,Clem,Lyddon,clyddon3e@seattletimes.com,Female,60,Realfire,523551.53
124,Michele,Swalough,mswalough3f@pen.io,Male,45,Photobug,92423.53
125,Clair,Trowell,ctrowell3g@unesco.org,Genderqueer,39,Plajo,349997.31
126,Anthony,Mathey,amathey3h@pcworld.com,Male,57,Camimbo,83888.21
127,Magdaia,Hefford,mhefford3i@devhub.com,Female,18,Dablist,337239.74
128,Ximenes,Cham,xcham3j@washington.edu,Male,49,Rhybox,32537.76
129,Shurwood,Brennand,sbrennand3k@pinterest.com,Male,31,Dynazzy,572341.44
130,Scotti,Baudts,sbaudts3l@yandex.ru,Agender,37,Livepath,522197.08
131,Natalie,Letertre,nletertre3m@topsy.com,Female,36,Jabbercube,277555.54
132,Vincenz,Brasted,vbrasted3n@marketwatch.com,Male,23,Quamba,233689.33
133,Sarita,Jeste,sjeste3o@php.net,Female,34,Divavu,48533.48
134,Ashlin,Knapper,aknapper3p@usgs.gov,Male,32,Twitterlist,562495.09
135,Laurent,Crowcombe,lcrowcombe3q@goo.ne.jp,Male,18,Minyx,352212.85
136,Kristi,Senner,ksenner3r@vinaora.com,Female,51,Blogtag,409426.82
137,Toddy,Veryan,tveryan3s@twitter.com,Male,20,Skajo,515660.51
138,Cory,Ilsley,cilsley3t@blogger.com,Male,42,Demivee,14941.3
139,Aubrey,Schumacher,aschumacher3u@xrea.com,Genderqueer,25,Dynabox,336490.53
140,Veronike,Winchcombe,vwinchcombe3v@omniture.com,Female,47,Zoomdog,94424.34
141,Elli,Iredell,eiredell3w@webnode.com,Female,21,Viva,64910.98
142,Bailie,Chanders,bchanders3x@craigslist.org,Male,54,Cogibox,522110.89
143,Renate,Sommerton,rsommerton3y@nationalgeographic.com,Female,42,Topicstorm,318939.33
144,Piper,Wileman,pwileman3z@privacy.gov.au,Female,33,Wordpedia,377994.21
145,Jyoti,Kentish,jkentish40@abc.net.au,Female,19,Devpoint,592142.11
146,Giuditta,Sabatini,gsabatini41@tiny.cc,Genderfluid,43,Innotype,573971.51
147,Jonell,Armall,jarmall42@constantcontact.com,Female,56,Tanoodle,192296.44
148,Vinson,Galler,vgaller43@apple.com,Male,42,Eayo,97595.93
149,Willow,McGiffin,wmcgiffin44@t-online.de,Female,33,Topiclounge,111924.14
150,Sim,Keelan,skeelan45@intel.com,Male,55,Livefish,378332.94
151,Olav,Langdale,olangdale46@csmonitor.com,Male,57,Divape,504420.39
152,Rubi,Guillem,rguillem47@google.ru,Female,21,Innotype,571164.09
153,Waldemar,Eusden,weusden48@unc.edu,Male,19,Minyx,516813.28
154,Matt,Salaman,msalaman49@disqus.com,Male,39,Zava,54050.7
155,Culver,Speare,cspeare4a@ucoz.ru,Male,55,Photojam,436682.26
156,Anselm,Jime,ajime4b@npr.org,Male,52,Meejo,159133.97
157,Eileen,Muncie,emuncie4c@ovh.net,Female,26,Eire,86332.63
158,Mattheus,Layzell,mlayzell4d@live.com,Male,56,Edgeblab,62109.74
159,Athena,Notley,anotley4e@vk.com,Female,27,Jayo,476663.36
160,Amitie,Iuorio,aiuorio4f@soundcloud.com,Female,19,Twimm,348149.39
161,Clark,Hessing,chessing4g@kickstarter.com,Male,35,Riffwire,400101.68
162,Cyndie,Kildea,ckildea4h@digg.com,Female,25,Quamba,164154.5
163,Caye,Casillas,ccasillas4i@i2i.jp,Female,29,Bluezoom,264983.76
164,Chic,Scriviner,cscriviner4j@gravatar.com,Male,57,Eimbee,70921.72
165,Tracey,Lindl,tlindl4k@1und1.de,Male,51,Jabberstorm,308363.89
166,Orbadiah,Jobson,ojobson4l@woothemes.com,Agender,47,Divavu,360886.55
167,Agna,Sandlin,asandlin4m@unicef.org,Female,32,Abatz,264147.26
168,Sammy,Botger,sbotger4n@telegraph.co.uk,Male,48,Mudo,24190.47
169,Cornell,Gummie,cgummie4o@merriam-webster.com,Male,53,Meezzy,266801.0
170,Amara,Dufaur,adufaur4p@java.com,Female,51,Skinder,399849.12
171,Fons,Crown,fcrown4q@so-net.ne.jp,Male,48,Riffwire,136266.9
172,Ileana,Tate,itate4r@goo.gl,Female,45,Edgeclub,81317.96
173,Kikelia,Dimmer,kdimmer4s@home.pl,Female,29,Topicshots,558229.69
174,Stormie,Osban,sosban4t@earthlink.net,Female,34,Photobug,144042.82
175,Griffin,Thorley,gthorley4u@cornell.edu,Male,38,Divanoodle,490243.11
176,Leandra,Chuter,lchuter4v@lycos.com,Female,43,Npath,554819.0
177,Tremayne,Morena,tmorena4w@state.tx.us,Male,31,Yoveo,487139.86
178,Philomena,Muffen,pmuffen4x@geocities.jp,Female,46,Kwideo,376749.49
179,Isadore,Braidon,ibraidon4y@independent.co.uk,Male,18,Meezzy,424531.5
180,Danell,Fruchon,dfruchon4z@independent.co.uk,Female,38,Yoveo,120311.06
181,Ashlan,Fancott,afancott50@simplemachines.org,Female,37,Realfire,422936.13
182,Darryl,Stoppard,dstoppard51@independent.co.uk,Female,48,Mynte,240872.66
183,Monroe,Miles,mmiles52@tuttocitta.it,Male,22,Yakidoo,346288.78
184,Gwendolyn,Silmon,gsilmon53@stanford.edu,Female,25,Fliptune,236957.82
185,Geoffry,Kiddell,gkiddell54@cyberchimps.com,Male,58,Meevee,164247.97
186,Jerrome,Vignal,jvignal55@icq.com,Non-binary,21,Bubblebox,592058.91
187,Emmet,Croose,ecroose56@timesonline.co.uk,Male,24,Trupe,306872.3
188,Demetria,Petcher,dpetcher57@phpbb.com,Female,39,Skipstorm,230734.59
189,Nikolaos,Crosson,ncrosson58@netlog.com,Male,35,Skyndu,524245.67
190,Tades,Asquez,tasquez59@1688.com,Male,52,Twimbo,190133.03
191,Everard,Joel,ejoel5a@mail.ru,Male,27,Kayveo,417225.57
192,Titos,Bouda,tbouda5b@unblog.fr,Male,51,Tagtune,158063.03
193,Bettine,Twopenny,btwopenny5c@tripod.com,Female,37,Topicshots,496700.03
194,Koressa,Robottom,krobottom5d@skype.com,Female,19,Skibox,482922.33
195,Henderson,Sigfrid,hsigfrid5e@51.la,Male,60,Buzzbean,151791.75
196,Ora,Geroldi,ogeroldi5f@mayoclinic.com,Female,19,Minyx,166513.62
197,Chase,Ivanishev,civanishev5g@intel.com,Male,48,Devshare,53071.23
198,Sanderson,Wrathmell,swrathmell5h@archive.org,Polygender,24,Blogspan,488229.91
199,Charlot,Enion,cenion5i@tripadvisor.com,Polygender,47,Brightbean,90296.84
200,Giorgio,Dalinder,gdalinder5j@hp.com,Male,51,Cogibox,237249.94
201,Veda,Sambrok,vsambrok5k@artisteer.com,Female,24,Rhynoodle,399755.28
202,Dag,Buse,dbuse5l@unesco.org,Male,35,Photospace,553478.32
203,Klara,Pickthorne,kpickthorne5m@oracle.com,Female,32,Yabox,325135.58
204,Luci,Aubrun,laubrun5n@spotify.com,Female,48,Yamia,344711.88
205,Holly,Buttrum,hbuttrum5o@webmd.com,Male,30,Youspan,97015.87
206,Maurie,Gillis,mgillis5p@w3.org,Male,50,Camido,29068.57
207,Chelsea,Boller,cboller5q@dailymotion.com,Female,52,Kwimbee,139456.94
208,Godfrey,Wimes,gwimes5r@wordpress.com,Male,53,Skajo,441357.11
209,Chloris,Belchamp,cbelchamp5s@privacy.gov.au,Female,52,Twinte,338428.97
210,Maxi,Balchin,mbalchin5t@ca.gov,Female,52,Vinder,489894.09
211,Shelia,Buche,sbuche5u@histats.com,Female,59,Agivu,245411.96
212,Belinda,Deners,bdeners5v@usda.gov,Female,54,Jabbersphere,492474.0
213,Tansy,Yele,tyele5w@linkedin.com,Female,33,Voomm,184616.29
214,Maressa,Kharchinski,mkharchinski5x@meetup.com,Female,56,Gabvine,142651.38
215,Anders,Baack,abaack5y@yale.edu,Male,22,Buzzshare,560270.21
216,Johnette,Sinkin,jsinkin5z@e-recht24.de,Female,58,Babbleopia,87949.5
217,Rickey,Spollen,rspollen60@vkontakte.ru,Male,43,Skibox,314727.03
218,Rose,Karolyi,rkarolyi61@tripod.com,Agender,51,Oodoo,389288.71
219,Lonna,Follit,lfollit62@ucsd.edu,Female,55,Jaxspan,437974.28
220,Ralph,McCosker,rmccosker63@oracle.com,Male,51,Plajo,475008.41
221,Marty,Geyton,mgeyton64@ox.ac.uk,Male,37,Skyble,417856.48
222,Maddie,Beau,mbeau65@sohu.com,Female,39,Browsecat,523265.53
223,Loreen,Mc Queen,lmcqueen66@latimes.com,Female,33,Bluejam,202759.28
224,Derrek,Perham,dperham67@cloudflare.com,Male,27,Linkbridge,309615.39
225,Davy,Kensit,dkensit68@foxnews.com,Male,31,Youtags,127848.84
226,Stanly,Scrowby,sscrowby69@simplemachines.org,Male,34,Brainbox,135528.94
227,Shepherd,Ranklin,sranklin6a@bbb.org,Male,50,Realmix,19852.48
228,Leoline,Boast,lboast6b@businessinsider.com,Female,51,Zooveo,485566.79
229,Parsifal,Frosch,pfrosch6c@europa.eu,Male,58,Eayo,373476.42
230,Clemmy,Thorington,cthorington6d@upenn.edu,Male,44,Quinu,474506.21
231,Mab,Stairs,mstairs6e@hhs.gov,Female,55,Babblestorm,392370.24
232,Marla,Jirus,mjirus6f@mit.edu,Female,20,Roombo,400396.22
233,Adrianna,Dumbell,adumbell6g@umn.edu,Female,31,Dabshots,291199.43
234,Jenna,Checci,jchecci6h@unicef.org,Agender,44,Shufflebeat,21297.02
235,Rafaello,Virgo,rvirgo6i@parallels.com,Male,33,Topicblab,549379.8
236,Rowan,Ulyet,rulyet6j@disqus.com,Agender,49,Realcube,506080.42
237,Prescott,Zorzutti,pzorzutti6k@prlog.org,Male,32,Myworks,366614.13
238,Saraann,Petranek,spetranek6l@army.mil,Female,54,Mydeo,350719.8
239,Carter,Bleazard,cbleazard6m@wsj.com,Male,44,Voonyx,483807.7
240,Arel,Colquite,acolquite6n@harvard.edu,Polygender,59,Topicshots,179538.14
241,Ker,Merrell,kmerrell6o@addthis.com,Bigender,24,Zoomzone,575682.34
242,Mela,Starking,mstarking6p@tiny.cc,Female,35,Bubblebox,517618.35
243,Erik,Silcox,esilcox6q@walmart.com,Male,47,Meemm,481625.52
244,Luca,Romke,lromke6r@unesco.org,Male,57,Voolia,520234.99
245,Charmaine,Overshott,covershott6s@alibaba.com,Female,43,Dablist,361685.39
246,Zola,Slyman,zslyman6t@unblog.fr,Female,39,Dabjam,30818.84
247,Darcie,Paaso,dpaaso6u@sun.com,Female,33,Dynabox,478546.3
248,Niki,Wodeland,nwodeland6v@wsj.com,Male,18,Fatz,514137.76
249,Darcey,Tramel,dtramel6w@shareasale.com,Female,51,Viva,87924.52
250,Dilly,Hatry,dhatry6x@alibaba.com,Male,57,Livetube,184065.21
251,Zarah,Grzelak,zgrzelak6y@last.fm,Female,19,Feedfire,415600.09
252,Althea,Scraney,ascraney6z@nationalgeographic.com,Female,58,LiveZ,31160.87
253,Lita,Tidridge,ltidridge70@census.gov,Genderfluid,24,Izio,473881.98
254,Winifred,Ferrieri,wferrieri71@discuz.net,Female,22,Yacero,120206.58
255,Gretchen,Rylance,grylance72@stumbleupon.com,Female,36,Pixoboo,434367.64
256,Leann,Rosenboim,lrosenboim73@blogtalkradio.com,Genderfluid,46,Twiyo,113024.49
257,Rickard,Addionisio,raddionisio74@icio.us,Male,28,Devpulse,345363.2
258,Rex,Duerden,rduerden75@ucoz.ru,Male,25,Brainlounge,390274.78
259,Bobby,Sketch,bsketch76@tripod.com,Female,45,Edgewire,482461.87
260,Janenna,Newman,jnewman77@prlog.org,Female,19,Jazzy,459899.0
261,Evelin,Sadlier,esadlier78@bbb.org,Male,40,Devify,471799.17
262,Pete,Fleeman,pfleeman79@linkedin.com,Male,28,Yabox,538774.09
263,Claude,Flello,cflello7a@npr.org,Female,25,Devcast,351570.72
264,Emilee,Debell,edebell7b@123-reg.co.uk,Female,54,Pixope,228410.76
265,Barnabe,Clash,bclash7c@webeden.co.uk,Male,56,Realbridge,149400.25
266,Kissee,Beat,kbeat7d@aol.com,Polygender,46,Skyvu,289719.67
267,Karilynn,Boick,kboick7e@alexa.com,Female,37,Demivee,76416.57
268,Rolfe,Bellow,rbellow7f@privacy.gov.au,Male,39,Flashset,185686.91
269,Dynah,Gorusso,dgorusso7g@meetup.com,Genderfluid,26,Devify,559793.7
270,Jo-ann,Sutterby,jsutterby7h@unesco.org,Female,30,Quaxo,406110.9
271,Brnaba,Sprowle,bsprowle7i@virginia.edu,Male,59,Babbleopia,555386.68
272,Ros,Camier,rcamier7j@histats.com,Female,24,Jaloo,94871.65
273,Lewiss,Bosnell,lbosnell7k@imageshack.us,Polygender,55,Blogtags,505909.92
274,Gwenni,Gabby,ggabby7l@cnet.com,Female,37,Gabtype,401476.94
275,Jammal,Aubrun,jaubrun7m@gizmodo.com,Male,34,Rooxo,173389.38
276,Alford,Frisel,afrisel7n@biglobe.ne.jp,Male,21,Fivechat,561250.0
277,Daniela,Beneyto,dbeneyto7o@is.gd,Female,30,Yodel,30107.47
278,Lester,Morson,lmorson7p@google.pl,Male,53,Vimbo,550028.83
279,Tades,Halwill,thalwill7q@nasa.gov,Male,18,Youbridge,167007.95
280,Edward,Fessions,efessions7r@auda.org.au,Male,49,Zoozzy,235461.79
281,Danny,Solloway,dsolloway7s@dmoz.org,Male,43,Meevee,145555.1
282,Hewett,Trillow,htrillow7t@istockphoto.com,Male,38,Rhyzio,564457.53
283,Raimondo,Korlat,rkorlat7u@nytimes.com,Male,45,Realblab,510841.51
284,Dehlia,Cregg,dcregg7v@fda.gov,Female,60,Jabbersphere,591161.43
285,Etty,Dulany,edulany7w@jigsy.com,Female,26,Innojam,70041.01
286,Albertine,Dady,adady7x@sciencedaily.com,Female,31,Meeveo,107414.5
287,Harvey,Port,hport7y@pcworld.com,Male,40,Aimbo,360330.66
288,Amerigo,Polland,apolland7z@mayoclinic.com,Male,22,Avaveo,445915.73
289,Roana,Kidner,rkidner80@nhs.uk,Non-binary,50,Devify,349655.27
290,Lloyd,Ravenscraft,lravenscraft81@biglobe.ne.jp,Polygender,49,Talane,213438.1
291,Carroll,Lapish,clapish82@archive.org,Male,36,Vimbo,449910.17
292,Keeley,Fessions,kfessions83@163.com,Female,32,Shuffletag,313340.81
293,Ozzie,Liddy,oliddy84@e-recht24.de,Male,32,Thoughtblab,384674.03
294,Carina,Skillington,cskillington85@si.edu,Female,43,Skipstorm,181945.19
295,Cam,O'Shevlan,coshevlan86@umich.edu,Female,48,Teklist,21722.22
296,Martin,Shellard,mshellard87@seesaa.net,Male,33,Browsezoom,447370.87
297,Philipa,Beazey,pbeazey88@nsw.gov.au,Female,18,Yozio,331463.67
298,Michaela,Widdicombe,mwiddicombe89@xinhuanet.com,Genderfluid,37,Trunyx,593889.74
299,Mab,Funnell,mfunnell8a@house.gov,Genderqueer,59,Gigashots,305304.61
300,Randi,McGaughay,rmcgaughay8b@google.de,Female,51,Babbleopia,180788.29
301,Almire,Dewane,adewane8c@mlb.com,Female,45,Lazzy,511322.08
302,Sholom,Eatock,seatock8d@businessinsider.com,Male,21,Blogspan,183660.93
303,Nevile,Pearlman,npearlman8e@seattletimes.com,Polygender,44,Thoughtworks,437060.62
304,Rochette,Le feuvre,rlefeuvre8f@chronoengine.com,Female,29,Omba,312389.49
305,Kathye,Simion,ksimion8g@mediafire.com,Female,59,Zooxo,574768.3
306,Yolanda,Goodin,ygoodin8h@ebay.com,Female,56,Innojam,444494.88
307,Nataniel,Morphew,nmorphew8i@berkeley.edu,Male,38,Photolist,147742.42
308,Paton,Belli,pbelli8j@gravatar.com,Male,33,Twitterwire,11008.7
309,Leoline,Haldane,lhaldane8k@bluehost.com,Female,20,Shuffledrive,313107.71
310,Lucille,Sparshett,lsparshett8l@mashable.com,Female,59,Blogtag,266600.33
311,Jerrie,Town,jtown8m@example.com,Female,51,Eadel,157595.33
312,Dori,Itzchaki,ditzchaki8n@google.co.uk,Female,39,Dazzlesphere,401871.46
313,Clayson,Chipperfield,cchipperfield8o@woothemes.com,Polygender,45,Plajo,301404.31
314,Taite,Pierro,tpierro8p@craigslist.org,Male,51,Myworks,394242.06
315,Jedediah,Ciobutaro,jciobutaro8q@nationalgeographic.com,Male,48,Jabbersphere,90888.24
316,Chelsy,Aveline,caveline8r@newyorker.com,Female,46,Twiyo,584873.76
317,Andriette,Beartup,abeartup8s@weibo.com,Female,45,Browsetype,58471.33
318,Kissiah,Waith,kwaith8t@ehow.com,Female,59,Flipstorm,44008.06
319,Luisa,Jacop,ljacop8u@skyrock.com,Female,42,Yotz,443700.2
320,Delcine,McGaraghan,dmcgaraghan8v@wp.com,Female,53,Gabtype,188184.0
321,Chas,Roseborough,croseborough8w@hhs.gov,Genderqueer,33,Realcube,437068.36
322,Englebert,Aykroyd,eaykroyd8x@marriott.com,Male,25,Cogibox,487547.92
323,Addia,Frowing,afrowing8y@yale.edu,Female,25,Skivee,514373.14
324,Lambert,Farebrother,lfarebrother8z@bloglovin.com,Male,59,Camimbo,280840.52
325,Merna,Holtham,mholtham90@drupal.org,Female,46,Quatz,163027.26
326,Winni,Hold,whold91@ebay.co.uk,Female,44,Eimbee,63778.33
327,Fidelio,Labin,flabin92@typepad.com,Male,25,Jatri,454744.35
328,Granger,Ness,gness93@columbia.edu,Male,59,Voonyx,21104.33
329,Trudy,Larrie,tlarrie94@google.es,Female,38,Flipopia,468977.27
330,Benni,Levy,blevy95@vk.com,Female,59,Zoomzone,382788.61
331,Nadia,Rump,nrump96@drupal.org,Female,47,Browsebug,129881.7
332,Traver,Umpleby,tumpleby97@seesaa.net,Male,33,Skidoo,56623.56
333,Cosme,Quilter,cquilter98@baidu.com,Male,56,Linktype,378641.19
334,Lorry,Todd,ltodd99@baidu.com,Female,43,Avavee,159112.07
335,Hortense,Huyton,hhuyton9a@cornell.edu,Female,26,Oozz,553631.0
336,Arty,Seedman,aseedman9b@trellian.com,Male,34,Quinu,227306.19
337,Duncan,Scotland,dscotland9c@marriott.com,Male,60,Tagpad,427979.61
338,Eustace,Conroy,econroy9d@mayoclinic.com,Male,18,Katz,185380.57
339,Renado,Toffalo,rtoffalo9e@wsj.com,Male,27,Myworks,321223.13
340,Alwyn,Rollett,arollett9f@stanford.edu,Male,51,Quamba,123229.4
341,Caresse,Craine,ccraine9g@tiny.cc,Female,23,Browsedrive,416045.25
342,Maribelle,Coolahan,mcoolahan9h@mac.com,Bigender,38,Riffwire,243945.54
343,Clemmy,Rippin,crippin9i@miitbeian.gov.cn,Male,46,Jetpulse,114764.62
344,Westbrooke,Mollitt,wmollitt9j@techcrunch.com,Male,59,Blogpad,347657.85
345,Bird,Curle,bcurle9k@google.ca,Female,31,Skalith,74302.09
346,Malinda,Grzes,mgrzes9l@51.la,Female,30,Fivechat,581662.94
347,Gwennie,Decreuze,gdecreuze9m@icq.com,Female,49,Mynte,124052.13
348,Allistir,Rawkesby,arawkesby9n@yelp.com,Male,31,Trudoo,427434.55
349,Lilith,Girardy,lgirardy9o@wufoo.com,Female,29,Meezzy,255784.26
350,Franni,Krojn,fkrojn9p@nsw.gov.au,Female,58,Thoughtbeat,470311.29
351,Natty,Sandiford,nsandiford9q@mlb.com,Male,19,Photolist,276456.56
352,Cordie,McAllester,cmcallester9r@about.com,Male,30,Twitterbeat,38461.08
353,Malinda,Tomaszczyk,mtomaszczyk9s@china.com.cn,Female,42,Brainbox,197748.71
354,Mikol,Greathead,mgreathead9t@reddit.com,Male,36,Browsetype,225847.0
355,Ferdie,Boniface,fboniface9u@mail.ru,Male,38,Quinu,525490.59
356,Rhett,Egerton,regerton9v@w3.org,Male,30,Fadeo,195685.0
357,Gisela,Lorenc,glorenc9w@soundcloud.com,Female,54,Meembee,410052.31
358,Cello,Duerden,cduerden9x@diigo.com,Male,28,Edgeblab,280460.0
359,Obediah,Diaper,odiaper9y@gov.uk,Male,43,Zoombeat,433593.04
360,Sheelah,Doble,sdoble9z@admin.ch,Female,23,Janyx,217796.78
361,Kattie,Dumingo,kdumingoa0@51.la,Female,45,Jabberbean,112781.0
362,Cleon,Agastina,cagastinaa1@nba.com,Male,44,Wordtune,89120.4
363,Parnell,Danieli,pdanielia2@ftc.gov,Bigender,27,Topicshots,329148.0
364,Stefano,Ruscoe,sruscoea3@123-reg.co.uk,Male,59,Dynava,392779.75
365,Selma,Beauchop,sbeauchopa4@yahoo.com,Female,18,Shufflester,105602.36
366,Zelma,Limer,zlimera5@latimes.com,Female,26,Gevee,431574.63
367,Consuelo,Tyer,ctyera6@home.pl,Female,42,Yombu,25027.09
368,Pascale,Goldring,pgoldringa7@constantcontact.com,Male,48,Dabjam,89281.82
369,Trish,Myring,tmyringa8@accuweather.com,Female,37,Demimbu,576809.24
370,Lissi,Hein,lheina9@lycos.com,Female,44,Quatz,489740.33
371,Jasmin,Vellden,jvelldenaa@linkedin.com,Female,43,Voonte,304019.57
372,Rufus,Judkins,rjudkinsab@cnn.com,Male,58,Leenti,263492.77
373,Durante,Greggersen,dgreggersenac@symantec.com,Male,45,Bluezoom,286675.02
374,Kesley,Yes,kyesad@blogs.com,Female,44,Bubblemix,255323.28
375,Nance,Leith-Harvey,nleithharveyae@toplist.cz,Female,56,Linkbuzz,326551.47
376,Aurel,Cameli,acameliaf@last.fm,Female,23,Topiczoom,148922.98
377,Anthony,Stroban,astrobanag@theguardian.com,Male,21,Ntags,378398.35
378,Leonerd,Hackleton,lhackletonah@php.net,Male,19,Voonder,131927.67
379,Estell,Sholl,eshollai@jigsy.com,Female,54,Dynabox,416123.87
380,Grier,Cartmer,gcartmeraj@odnoklassniki.ru,Female,32,Layo,597788.07
381,Elena,Faucett,efaucettak@storify.com,Female,46,Wordware,378070.14
382,Dennie,Dakhov,ddakhoval@google.fr,Male,51,Browsebug,479830.09
383,Nikolai,Cleaveland,ncleavelandam@tuttocitta.it,Male,27,Oyope,467730.23
384,Murvyn,Antonovic,mantonovican@istockphoto.com,Male,36,Eare,55201.37
385,Kristan,Vickors,kvickorsao@columbia.edu,Female,49,Meembee,356090.18
386,Celestina,Donohue,cdonohueap@wordpress.com,Female,55,Twitterbeat,281565.1
387,Cliff,Blaksley,cblaksleyaq@sciencedaily.com,Male,27,Fiveclub,458976.71
388,Hyacinthia,Timpany,htimpanyar@auda.org.au,Female,19,Eare,147338.85
389,Leese,Kener,lkeneras@npr.org,Female,29,Kwinu,237614.98
390,Felita,Growden,fgrowdenat@goo.gl,Female,51,Photobean,327429.0
391,Wendell,Harkness,wharknessau@blogtalkradio.com,Male,59,Zoonoodle,157871.47
392,Niels,Phelps,nphelpsav@sun.com,Male,59,Skajo,557104.35
393,Tomasine,Rounsefull,trounsefullaw@oaic.gov.au,Female,20,Devpulse,211093.96
394,Samuele,Vlies,svliesax@fc2.com,Male,43,Roombo,26254.63
395,Eyde,Urion,eurionay@abc.net.au,Female,25,Browsetype,445940.04
396,Sadie,Osbaldstone,sosbaldstoneaz@usgs.gov,Female,52,Meevee,261981.38
397,Barnebas,Guswell,bguswellb0@mapquest.com,Male,58,Thoughtmix,12632.46
398,Molly,Linney,mlinneyb1@blog.com,Female,25,Yabox,333701.21
399,Nealon,Toner,ntonerb2@toplist.cz,Male,56,Chatterbridge,335865.56
400,Gerri,Griffith,ggriffithb3@hatena.ne.jp,Polygender,37,Leexo,43531.0
401,Noreen,McKeurtan,nmckeurtanb4@yahoo.co.jp,Agender,29,Brightdog,245792.17
402,Delia,Luxford,dluxfordb5@bloomberg.com,Female,56,Oloo,547448.11
403,Jase,Makeswell,jmakeswellb6@omniture.com,Male,40,Innojam,269521.36
404,Hadleigh,Medley,hmedleyb7@fastcompany.com,Male,59,Devshare,35248.08
405,Wiatt,Dowty,wdowtyb8@google.com.br,Male,43,Mudo,144952.34
406,Bernie,Pettingall,bpettingallb9@latimes.com,Female,54,Mydeo,426052.18
407,Danit,Pinkney,dpinkneyba@surveymonkey.com,Polygender,41,Viva,30442.11
408,Mikael,Jouning,mjouningbb@cornell.edu,Male,35,Thoughtbeat,263002.19
409,Prentiss,Haskew,phaskewbc@last.fm,Male,28,Gigabox,504427.71
410,Selene,Dessant,sdessantbd@cbslocal.com,Female,20,Voonder,275600.94
411,Trevar,Adey,tadeybe@quantcast.com,Male,28,Fatz,179826.55
412,Lamond,Jodrellec,ljodrellecbf@reddit.com,Male,22,Yodel,561472.42
413,Brnaba,Grout,bgroutbg@cafepress.com,Male,25,Jaxnation,153746.6
414,Hilary,McGurgan,hmcgurganbh@baidu.com,Female,40,Devshare,96471.33
415,Charla,Dicte,cdictebi@ycombinator.com,Female,45,Skyba,259548.61
416,Libbie,Ousley,lousleybj@paginegialle.it,Female,53,Pixonyx,147588.55
417,Rafi,Malone,rmalonebk@smh.com.au,Male,44,Brainbox,325033.88
418,Meriel,Wheatley,mwheatleybl@topsy.com,Female,34,Dazzlesphere,129601.27
419,Verene,Vicker,vvickerbm@amazon.de,Female,50,Flashset,534099.61
420,Anny,Lagneaux,alagneauxbn@google.com.hk,Female,30,Quamba,484480.9
421,Eleanora,Tournie,etourniebo@hud.gov,Female,53,Agivu,88679.58
422,Charles,Moncreiffe,cmoncreiffebp@skype.com,Bigender,27,Yambee,14840.12
423,Far,Toomey,ftoomeybq@123-reg.co.uk,Male,60,Eidel,293021.53
424,Carroll,Neat,cneatbr@mail.ru,Male,42,Gabvine,231714.06
425,Karilynn,Diter,kditerbs@twitpic.com,Female,43,Abatz,270225.78
426,Renard,Worsfold,rworsfoldbt@slashdot.org,Male,53,Devcast,448146.91
427,Adara,Driutti,adriuttibu@fema.gov,Female,30,Dabvine,499501.07
428,Darnell,Heis,dheisbv@mediafire.com,Male,54,Linklinks,38994.41
429,Gussy,Tabary,gtabarybw@ucsd.edu,Female,49,Shufflester,446954.55
430,Adelina,Lutas,alutasbx@diigo.com,Female,23,Babbleset,313989.29
431,Domingo,Hollerin,dhollerinby@mozilla.com,Male,18,Tagchat,175322.87
432,Bobbette,Maskell,bmaskellbz@woothemes.com,Female,42,Ntag,263272.8
433,Verine,O'Teague,voteaguec0@thetimes.co.uk,Non-binary,42,Flashpoint,115796.31
434,Duncan,Castelow,dcastelowc1@is.gd,Male,53,Viva,394248.15
435,Nobe,Codman,ncodmanc2@g.co,Male,52,Skipstorm,80348.71
436,Kyla,Cow,kcowc3@nih.gov,Female,25,Yoveo,326246.56
437,Margy,Trollope,mtrollopec4@nbcnews.com,Female,47,Vidoo,280442.46
438,Desiri,Wilkennson,dwilkennsonc5@nature.com,Genderfluid,50,Babbleopia,499298.44
439,Jaime,Glenton,jglentonc6@hc360.com,Male,49,Topicware,111566.23
440,Kalinda,Scneider,kscneiderc7@printfriendly.com,Female,52,Gabtune,477594.19
441,Kaia,Gaunson,kgaunsonc8@mit.edu,Female,48,Trilia,374211.74
442,Rena,Bassano,rbassanoc9@unblog.fr,Female,20,Oba,264022.94
443,Madison,Sedgemond,msedgemondca@usa.gov,Male,33,Zooxo,11901.26
444,Milli,Farnworth,mfarnworthcb@oaic.gov.au,Female,33,Eimbee,570686.0
445,Tobin,Vankov,tvankovcc@wufoo.com,Male,47,Twimm,381036.16
446,Brnaby,Sinnett,bsinnettcd@macromedia.com,Male,44,Browsezoom,347760.7
447,Sadye,Mewe,smewece@merriam-webster.com,Female,40,Aivee,141557.9
448,Lonna,Gaiford,lgaifordcf@msn.com,Female,33,Rhyloo,593928.86
449,Tabina,Catonnet,tcatonnetcg@moonfruit.com,Female,49,Devify,318145.46
450,Gaylord,Biggans,gbiggansch@discuz.net,Male,18,Oyoyo,465865.91
451,Anallese,Skone,askoneci@google.com.hk,Female,23,Browsetype,559433.3
452,Jethro,Southby,jsouthbycj@dropbox.com,Male,39,Linkbuzz,142111.44
453,Kearney,Dunbleton,kdunbletonck@time.com,Male,33,Oyope,324136.45
454,Danyette,Treby,dtrebycl@shutterfly.com,Female,52,Edgeclub,39839.47
455,Gerry,Mossbee,gmossbeecm@weebly.com,Female,49,Gabcube,364200.72
456,Maryjane,Burnapp,mburnappcn@privacy.gov.au,Female,18,Fiveclub,384762.69
457,Forster,Axcel,faxcelco@techcrunch.com,Male,18,Pixoboo,111351.09
458,Alexis,Ingleson,ainglesoncp@netscape.com,Male,35,Ozu,226195.96
459,Carmine,Drains,cdrainscq@360.cn,Non-binary,58,Linkbuzz,548320.53
460,Felicio,Frawley,ffrawleycr@behance.net,Male,34,Jetpulse,534100.6
461,Clemmie,Lyal,clyalcs@simplemachines.org,Male,47,Feedfish,503838.99
462,Janina,Dumbleton,jdumbletonct@who.int,Female,29,Geba,149060.0
463,Gilda,Alvarez,galvarezcu@hao123.com,Female,33,Pixonyx,522225.66
464,Remus,Beeck,rbeeckcv@usda.gov,Male,22,Jetpulse,142080.95
465,Shandra,Reneke,srenekecw@wufoo.com,Female,21,Meevee,469162.59
466,Sharron,Ingleston,singlestoncx@so-net.ne.jp,Non-binary,39,Thoughtblab,219620.01
467,Agnes,Piatti,apiatticy@seattletimes.com,Female,37,Meemm,428637.1
468,Giulio,Lammert,glammertcz@google.it,Male,54,Oyonder,255620.5
469,Dagmar,Emsley,demsleyd0@dedecms.com,Female,56,Vinte,277799.14
470,Waring,Beert,wbeertd1@cnet.com,Genderqueer,21,Teklist,596036.72
471,Jo,McEllen,jmcellend2@google.de,Male,43,Realbridge,348457.69
472,Marjorie,Howes,mhowesd3@facebook.com,Female,48,Brainlounge,518811.01
473,Allyce,McBoyle,amcboyled4@rakuten.co.jp,Genderqueer,50,Cogidoo,169647.67
474,Seamus,Essame,sessamed5@adobe.com,Genderqueer,31,Meetz,269202.79
475,Archibold,Falconer-Taylor,afalconertaylord6@independent.co.uk,Male,46,Demimbu,245441.66
476,Lotty,Atherton,lathertond7@shutterfly.com,Female,50,Fanoodle,557686.88
477,Trent,Hayler,thaylerd8@digg.com,Male,30,Layo,218865.67
478,Hernando,Bemwell,hbemwelld9@deliciousdays.com,Male,29,Browsecat,180310.23
479,Letitia,Guinan,lguinanda@dion.ne.jp,Female,57,Ntags,245678.42
480,Sayers,Liggett,sliggettdb@joomla.org,Genderqueer,60,Browsedrive,410335.95
481,Felix,Linnell,flinnelldc@jigsy.com,Male,33,Chatterpoint,220793.81
482,Rois,Broxis,rbroxisdd@youtube.com,Female,22,Kwinu,78445.84
483,Kennith,Tomaszewicz,ktomaszewiczde@blogtalkradio.com,Male,25,Demivee,64223.34
484,Rollo,Coulbeck,rcoulbeckdf@slashdot.org,Male,25,Devify,393995.12
485,Duky,Duffield,dduffielddg@amazon.co.uk,Male,46,Oyonder,400600.0
486,Bertrand,Redman,bredmandh@cocolog-nifty.com,Male,56,Flipbug,274687.25
487,Elston,Paula,epauladi@usa.gov,Male,39,Skippad,22143.89
488,Aveline,Naulls,anaullsdj@freewebs.com,Female,59,Twinte,459992.3
489,Amelita,Dackombe,adackombedk@comcast.net,Female,27,Dynava,422535.28
490,Arther,Heffernan,aheffernandl@prlog.org,Male,49,Aimbo,201009.4
491,Patsy,Thurber,pthurberdm@deviantart.com,Non-binary,40,Rhyloo,455761.11
492,Quinlan,Dickie,qdickiedn@netvibes.com,Male,25,Jayo,118561.44
493,Siegfried,Weatherburn,sweatherburndo@smugmug.com,Genderfluid,43,Devpoint,56238.52
494,Octavia,Smerdon,osmerdondp@dion.ne.jp,Female,36,Yambee,41337.41
495,Ruttger,Longhi,rlonghidq@mapquest.com,Male,52,Thoughtmix,540188.6
496,Ninetta,Wellesley,nwellesleydr@topsy.com,Female,60,Leexo,129748.09
497,Mohandas,Rickards,mrickardsds@g.co,Male,56,Jabberbean,267207.26
498,Kellina,Klimov,kklimovdt@imdb.com,Female,47,Yakitri,543241.74
499,Frankie,Breakey,fbreakeydu@sogou.com,Female,31,Wordware,153444.91
500,Ericha,Woolfenden,ewoolfendendv@ucla.edu,Female,29,Realpoint,37178.23
501,Persis,Lanaway,planawaydw@ustream.tv,Female,49,Zooxo,539510.49
502,Tobie,Molen,tmolendx@cyberchimps.com,Male,25,Brainbox,57064.13
503,Johanna,Hellwing,jhellwingdy@joomla.org,Bigender,46,Mudo,571605.45
504,Falkner,Jedraszek,fjedraszekdz@comsenz.com,Male,42,Lajo,533657.85
505,Pammi,Fellona,pfellonae0@aol.com,Female,49,Voonyx,302357.46
506,Ardine,Jedrzejewicz,ajedrzejewicze1@taobao.com,Agender,36,Realfire,17856.01
507,Darrell,Hayball,dhayballe2@sohu.com,Male,33,Kayveo,477136.51
508,Merrick,Marron,mmarrone3@bizjournals.com,Male,22,Ozu,300079.96
509,Erie,Collacombe,ecollacombee4@miitbeian.gov.cn,Male,53,Skyvu,431369.97
510,Morgun,Enterle,menterlee5@mit.edu,Male,50,Realcube,224531.07
511,Terry,Condliffe,tcondliffee6@privacy.gov.au,Non-binary,52,Camido,528974.06
512,Tamas,Rossant,trossante7@domainmarket.com,Male,23,Kimia,280864.09
513,Alphard,Gerrels,agerrelse8@oakley.com,Male,52,Youbridge,142805.65
514,Frederica,Finn,ffinne9@deviantart.com,Female,55,Eayo,237026.88
515,Rosene,Potteridge,rpotteridgeea@google.es,Genderfluid,36,Meembee,228789.18
516,Jamey,Pes,jpeseb@examiner.com,Male,57,Twitterlist,494681.75
517,Andrei,Ahrendsen,aahrendsenec@newyorker.com,Female,21,Eidel,106076.06
518,Minna,Pettko,mpettkoed@mapy.cz,Genderqueer,34,Tagcat,466931.58
519,Dillie,Dutch,ddutchee@wsj.com,Male,50,Yombu,412344.61
520,Cob,Dumbrall,cdumbrallef@devhub.com,Male,38,Quinu,403643.84
521,Welch,Luton,wlutoneg@nsw.gov.au,Male,18,Skinder,164314.26
522,Theressa,Goodyer,tgoodyereh@moonfruit.com,Female,43,Skyba,207096.4
523,Natala,Akram,nakramei@reference.com,Female,30,Tagfeed,251510.08
524,Eydie,Awcock,eawcockej@seattletimes.com,Female,37,Zoomzone,146687.22
525,Barny,Churchley,bchurchleyek@telegraph.co.uk,Male,47,Tavu,467886.94
526,Marna,Kellough,mkelloughel@geocities.jp,Female,42,Yodoo,190706.97
527,Lucky,Bierling,lbierlingem@tuttocitta.it,Female,36,Cogilith,453666.87
528,Brinna,Santello,bsantelloen@bing.com,Female,35,Shuffledrive,66776.11
529,Idaline,Fittis,ifittiseo@gravatar.com,Female,45,Cogidoo,267708.94
530,Sheree,Lenormand,slenormandep@ftc.gov,Genderqueer,33,Pixoboo,564626.76
531,Sonny,Gready,sgreadyeq@yellowpages.com,Female,23,Mydo,393079.98
532,Loren,Garrattley,lgarrattleyer@elegantthemes.com,Agender,33,Yakitri,323166.74
533,Shawn,Garrit,sgarrites@sourceforge.net,Female,42,Feednation,568108.34
534,Florinda,Payne,fpayneet@about.com,Female,21,Thoughtbridge,200864.94
535,Pierce,Mustoo,pmustooeu@usgs.gov,Male,50,Shufflester,79911.66
536,Mick,Barkaway,mbarkawayev@apache.org,Male,45,Eabox,563096.23
537,Elisabeth,Daenen,edaenenew@weibo.com,Female,42,Muxo,51101.63
538,Leopold,de Clerq,ldeclerqex@paginegialle.it,Male,59,Roomm,300387.0
539,Brietta,Haylett,bhaylettey@timesonline.co.uk,Female,24,Trilia,140102.25
540,Isac,Stolze,istolzeez@bravesites.com,Male,44,Myworks,484436.26
541,Basilio,Leport,bleportf0@guardian.co.uk,Male,47,Demimbu,207869.18
542,Thia,Hairsnape,thairsnapef1@tumblr.com,Female,31,Browsezoom,140466.13
543,Glynnis,Syms,gsymsf2@ebay.co.uk,Female,33,Youfeed,162229.12
544,Abe,Dikels,adikelsf3@nps.gov,Male,46,Thoughtblab,481700.03
545,Janela,McReynolds,jmcreynoldsf4@artisteer.com,Female,20,Gabtune,359192.01
546,Skylar,Greenhall,sgreenhallf5@scribd.com,Male,44,Browsedrive,283620.83
547,Berget,Janda,bjandaf6@arizona.edu,Female,51,Tagchat,348124.71
548,Kalie,Grossman,kgrossmanf7@prlog.org,Female,40,Youtags,52387.39
549,Abbie,Halworth,ahalworthf8@statcounter.com,Male,52,Trupe,525461.0
550,Nicola,Eglaise,neglaisef9@oracle.com,Male,28,Midel,308683.32
551,Lorene,Corter,lcorterfa@nydailynews.com,Non-binary,41,Flashset,41964.63
552,Manya,Manna,mmannafb@edublogs.org,Female,18,Camimbo,30379.9
553,Geneva,Benallack,gbenallackfc@fastcompany.com,Female,54,Blogspan,581785.61
554,Valeda,McMurtyr,vmcmurtyrfd@answers.com,Female,22,Skajo,445736.72
555,Xena,Kinkead,xkinkeadfe@ocn.ne.jp,Female,45,Tagopia,331640.3
556,Claudian,Bexley,cbexleyff@php.net,Male,51,Kaymbo,30566.31
557,Allyson,Hlavecek,ahlavecekfg@oaic.gov.au,Genderfluid,26,Plambee,349762.06
558,Mario,Maguire,mmaguirefh@csmonitor.com,Male,26,Katz,443975.65
559,Erin,Glanton,eglantonfi@123-reg.co.uk,Female,41,Blogspan,19098.62
560,Shayla,Ricardon,sricardonfj@answers.com,Female,25,Linktype,126310.55
561,Jerry,Scafe,jscafefk@businessweek.com,Male,57,Podcat,188385.0
562,Trish,Freeland,tfreelandfl@reuters.com,Female,21,Eadel,265837.0
563,Adler,Decort,adecortfm@barnesandnoble.com,Male,37,Voonyx,487360.38
564,Mona,Barford,mbarfordfn@51.la,Female,33,Rhynyx,230091.08
565,Brittani,Cornfield,bcornfieldfo@php.net,Female,32,Plajo,398616.68
566,Con,Storms,cstormsfp@domainmarket.com,Female,51,Agimba,117139.73
567,Hurlee,Joskowitz,hjoskowitzfq@t.co,Male,32,Gigashots,197316.52
568,Thea,Siebert,tsiebertfr@weather.com,Female,55,Divavu,564970.53
569,Addy,Joicey,ajoiceyfs@reverbnation.com,Female,44,Skaboo,270851.52
570,Merwyn,Madsen,mmadsenft@uol.com.br,Genderfluid,31,Jabbersphere,545351.96
571,Almeria,Osban,aosbanfu@statcounter.com,Female,19,Edgetag,31901.96
572,Burnaby,Pickrill,bpickrillfv@bloglines.com,Genderqueer,31,Vimbo,137616.14
573,Sonnie,Yashin,syashinfw@example.com,Male,20,Kare,589812.0
574,Joy,Passo,jpassofx@goodreads.com,Female,28,Brainsphere,139087.15
575,Tiffany,Hawgood,thawgoodfy@etsy.com,Female,44,Oyondu,115804.4
576,Fifine,MacCostye,fmaccostyefz@altervista.org,Female,45,Wordpedia,555537.87
577,Aubrette,Toffanini,atoffaninig0@bing.com,Female,41,Avamm,58733.55
578,Vittorio,Coverdale,vcoverdaleg1@dailymotion.com,Male,54,Devpulse,537018.05
579,Simeon,Robrose,srobroseg2@ning.com,Male,43,Skyndu,260315.01
580,Ruddy,Hewertson,rhewertsong3@mlb.com,Male,41,Photospace,574832.0
581,Almire,Avrahamian,aavrahamiang4@hostgator.com,Female,59,Photofeed,429736.17
582,Shepard,Wreakes,swreakesg5@google.com.hk,Male,44,Feedspan,265832.95
583,Quinn,Sowthcote,qsowthcoteg6@mayoclinic.com,Female,45,Quinu,142570.86
584,Staford,Ginnelly,sginnellyg7@spiegel.de,Male,50,Cogibox,478918.12
585,Shayla,Hans,shansg8@newyorker.com,Genderfluid,56,Eidel,367741.86
586,Crichton,Callen,ccalleng9@vimeo.com,Male,27,Shufflebeat,490193.06
587,Alvina,Antonchik,aantonchikga@cam.ac.uk,Female,25,Edgeify,521979.55
588,Nickolas,Saunter,nsauntergb@prlog.org,Male,22,Podcat,533674.84
589,Milly,Collinge,mcollingegc@wikimedia.org,Genderfluid,26,Pixoboo,540052.2
590,Roberto,de Quincey,rdequinceygd@goo.ne.jp,Male,37,Riffwire,133011.42
591,Farr,Baldwin,fbaldwinge@skype.com,Male,35,Vipe,72483.48
592,Abdul,Kimbling,akimblinggf@livejournal.com,Male,51,Tagchat,519474.09
593,Vita,Pestricke,vpestrickegg@zimbio.com,Female,48,Wikido,429817.7
594,Megan,Creeber,mcreebergh@ca.gov,Female,55,Bluezoom,475467.68
595,Inglis,Bossons,ibossonsgi@booking.com,Male,41,Leenti,71074.47
596,Fee,Petrulis,fpetrulisgj@ifeng.com,Non-binary,22,Oozz,432763.45
597,Gustaf,Janes,gjanesgk@ning.com,Male,50,Eimbee,550461.24
598,Kristian,Phidgin,kphidgingl@guardian.co.uk,Male,43,Buzzbean,261678.36
599,Cristiano,Impey,cimpeygm@disqus.com,Male,47,Divanoodle,391933.88
600,Kath,Kinnie,kkinniegn@google.com.br,Female,38,Oodoo,184731.68
601,Arleyne,McColm,amccolmgo@joomla.org,Female,31,Roodel,302621.36
602,Parry,Andriss,pandrissgp@ask.com,Male,55,Youbridge,511383.92
603,Stephen,Biagioni,sbiagionigq@zimbio.com,Male,50,Yodoo,415875.62
604,Avictor,Ebden,aebdengr@pbs.org,Male,56,Quinu,560893.8
605,Danyelle,Tithacott,dtithacottgs@toplist.cz,Female,55,Thoughtstorm,392891.16
606,Talbot,Beig,tbeiggt@elpais.com,Male,23,Youbridge,150732.02
607,Vanny,Doherty,vdohertygu@techcrunch.com,Non-binary,34,Kayveo,520256.5
608,Bunni,O'Hickee,bohickeegv@ifeng.com,Female,22,Pixoboo,246535.17
609,Sterne,Jedrzejewicz,sjedrzejewiczgw@pcworld.com,Male,44,Devshare,309714.64
610,Beitris,Denyakin,bdenyakingx@cyberchimps.com,Female,48,Layo,179139.84
611,Anthony,Jerrim,ajerrimgy@ca.gov,Male,36,Rhycero,465465.65
612,Sibella,Dunnico,sdunnicogz@yale.edu,Female,51,Skaboo,468244.98
613,Gabbie,Isles,gislesh0@usnews.com,Male,38,Yadel,297850.02
614,Lorens,Blakely,lblakelyh1@youtu.be,Male,38,Babblestorm,274970.16
615,Nels,Bernhart,nbernharth2@jiathis.com,Male,28,Gabtune,580048.32
616,Dougie,Musicka,dmusickah3@mozilla.com,Male,19,Gigazoom,285820.9
617,Carlynn,MacKeig,cmackeigh4@dailymotion.com,Female,59,Reallinks,472090.17
618,Gussy,Kitchingman,gkitchingmanh5@army.mil,Female,41,Twimm,57129.56
619,Griffy,McLernon,gmclernonh6@cloudflare.com,Male,32,Flashpoint,272450.43
620,Noll,Deeman,ndeemanh7@chicagotribune.com,Male,18,Blogtag,25476.58
621,Berkly,Indgs,bindgsh8@furl.net,Polygender,36,Abata,479299.54
622,Elinor,Busch,ebuschh9@dyndns.org,Female,27,Shuffletag,399024.55
623,Verne,Evitt,vevittha@unicef.org,Male,55,Jabbertype,546831.0
624,Jesselyn,Sigsworth,jsigsworthhb@acquirethisname.com,Female,56,Innotype,59325.55
625,Dexter,Corbert,dcorberthc@moonfruit.com,Male,38,Devbug,147079.68
626,Maudie,Escala,mescalahd@who.int,Female,47,Photospace,70929.14
627,Salomi,Brambill,sbrambillhe@google.ca,Female,39,Topicware,560752.36
628,Ilario,Shrubb,ishrubbhf@smh.com.au,Male,30,Voomm,40317.29
629,Donall,Fessby,dfessbyhg@google.cn,Bigender,56,Realmix,479556.51
630,Giraldo,Kemsley,gkemsleyhh@who.int,Male,26,Tagchat,346111.32
631,Sim,Scatchar,sscatcharhi@privacy.gov.au,Male,55,Blognation,257732.8
632,Daffi,Letch,dletchhj@indiatimes.com,Female,23,Zoomcast,57736.28
633,Shelli,Di Gregorio,sdigregoriohk@drupal.org,Female,34,Edgeify,144231.93
634,Esra,Larmour,elarmourhl@flickr.com,Male,28,Feedfish,144493.36
635,Seumas,Pattington,spattingtonhm@bloglovin.com,Male,41,Brainbox,318284.85
636,Levi,Blasli,lblaslihn@sourceforge.net,Male,53,Lazzy,37568.76
637,Genevieve,Blakes,gblakesho@multiply.com,Bigender,48,Vinder,469093.28
638,Mead,Gomery,mgomeryhp@e-recht24.de,Male,34,Wikibox,304950.67
639,Audrie,Mazonowicz,amazonowiczhq@dyndns.org,Female,38,Dabjam,549535.34
640,Gusta,Bamforth,gbamforthhr@wordpress.com,Female,57,Thoughtsphere,470611.91
641,Caritta,Michael,cmichaelhs@sogou.com,Female,25,Topicware,63650.12
642,Trevor,Lemerle,tlemerleht@geocities.com,Male,37,Jabbersphere,596966.16
643,Valentine,Mary,vmaryhu@yahoo.com,Male,47,Skibox,211716.87
644,Penelopa,Whitehouse,pwhitehousehv@thetimes.co.uk,Female,36,Wordtune,520833.0
645,Thorstein,Inchan,tinchanhw@walmart.com,Male,55,Thoughtblab,387228.66
646,Frannie,Scurman,fscurmanhx@purevolume.com,Male,18,Babbleset,437383.36
647,Delmar,Emmet,demmethy@moonfruit.com,Male,50,Rhynoodle,153754.2
648,Eimile,Fagan,efaganhz@flickr.com,Female,47,Brightbean,193335.18
649,Hal,Gleeson,hgleesoni0@elegantthemes.com,Male,55,Aimbo,309939.68
650,Cyrus,Kacheler,ckacheleri1@army.mil,Male,27,Mita,456539.4
651,Ysabel,Shoebotham,yshoebothami2@a8.net,Female,21,Wikizz,199719.7
652,Judas,Puckham,jpuckhami3@dmoz.org,Male,52,Yakitri,596956.64
653,Felipe,Targett,ftargetti4@digg.com,Male,58,Flashpoint,90742.52
654,Kalie,Schankelborg,kschankelborgi5@netvibes.com,Female,27,LiveZ,115599.25
655,Raf,Gowlett,rgowletti6@umn.edu,Female,25,Fatz,53791.66
656,Rodolphe,Channer,rchanneri7@umich.edu,Male,36,Ntags,69329.87
657,Whitney,Mallindine,wmallindinei8@about.com,Male,51,Geba,19916.0
658,Garnette,Brockton,gbrocktoni9@typepad.com,Female,47,Buzzdog,394879.95
659,Basilio,Wanderschek,bwanderschekia@altervista.org,Male,36,Flashset,56072.63
660,Skippie,Copnell,scopnellib@studiopress.com,Male,19,Zooveo,96941.61
661,Sidonnie,Abbott,sabbottic@last.fm,Female,41,Plambee,555321.41
662,Robby,Tydeman,rtydemanid@flickr.com,Male,20,Zoomcast,444399.57
663,Matty,Howard - Gater,mhowardgaterie@nyu.edu,Female,23,Topiclounge,330857.11
664,Randy,Soeiro,rsoeiroif@webmd.com,Female,46,Jabberstorm,137102.77
665,Pip,Mosten,pmostenig@mozilla.org,Male,25,Eire,560148.94
666,Sterne,Schwand,sschwandih@goo.gl,Male,24,Tambee,441536.66
667,Jarrett,Winks,jwinksii@mlb.com,Male,22,Centidel,594677.58
668,Cati,Evins,cevinsij@cdbaby.com,Female,19,Aimbu,227515.0
669,Corby,Blamphin,cblamphinik@home.pl,Male,38,Yacero,486939.94
670,Janella,Alchin,jalchinil@networksolutions.com,Female,52,Shuffletag,566822.15
671,Dorella,Kermon,dkermonim@vkontakte.ru,Female,30,Buzzster,352656.42
672,Lenci,Bassano,lbassanoin@yellowpages.com,Genderfluid,55,Abatz,591805.95
673,Christopher,Raggitt,craggittio@google.cn,Male,55,Gabtune,579146.72
674,Irwinn,Akerman,iakermanip@google.ru,Male,20,Zoombeat,595239.1
675,Jareb,Dan,jdaniq@columbia.edu,Male,46,Dynabox,28862.38
676,Alicia,Dilon,adilonir@icio.us,Female,49,Wordware,271312.69
677,Francisca,Saer,fsaeris@instagram.com,Female,33,Kwimbee,530434.33
678,Corette,Siemandl,csiemandlit@hibu.com,Female,30,Shuffledrive,537492.52
679,Adrian,Droghan,adroghaniu@ca.gov,Female,57,Mita,521841.72
680,Mabelle,Asals,masalsiv@dot.gov,Female,19,Topicware,306070.8
681,Berti,Caldeiro,bcaldeiroiw@fc2.com,Female,40,Voomm,232340.0
682,Tedda,Romanin,tromaninix@mysql.com,Female,43,Edgeclub,556545.18
683,Darn,Showering,dshoweringiy@vimeo.com,Male,36,Voonix,47154.6
684,Vaughn,Ormrod,vormrodiz@e-recht24.de,Male,30,Babbleblab,123697.56
685,Zach,Riggert,zriggertj0@pinterest.com,Male,31,Gigaclub,278478.86
686,Margarette,Youens,myouensj1@liveinternet.ru,Female,23,Katz,128067.25
687,Bud,Strowthers,bstrowthersj2@nih.gov,Male,42,Rooxo,128357.01
688,Bondy,Inworth,binworthj3@aol.com,Male,43,Blogtags,394368.26
689,Art,Keats,akeatsj4@live.com,Male,47,Feednation,581782.53
690,Walden,Paulton,wpaultonj5@yandex.ru,Male,21,Edgepulse,319388.02
691,Jo-ann,Kee,jkeej6@barnesandnoble.com,Female,23,Skyble,62288.95
692,Doralia,Bricket,dbricketj7@merriam-webster.com,Female,25,Chatterbridge,393010.46
693,Ruggiero,Standell,rstandellj8@statcounter.com,Male,32,Browsebug,305028.14
694,Glenn,holmes,gholmesj9@nasa.gov,Genderfluid,44,Flashset,489541.08
695,Ase,Arnley,aarnleyja@abc.net.au,Male,40,Tagchat,486360.44
696,Ofelia,Croson,ocrosonjb@digg.com,Female,26,Quimm,161523.78
697,Jess,Haime,jhaimejc@meetup.com,Bigender,36,Chatterbridge,326414.17
698,Lenci,Frugier,lfrugierjd@csmonitor.com,Male,60,Oyonder,383382.22
699,Craggie,Kembley,ckembleyje@time.com,Male,59,Camido,160138.07
700,Gussi,Pett,gpettjf@weather.com,Female,37,Quatz,564686.41
701,Hilary,Duprey,hdupreyjg@engadget.com,Male,19,Jazzy,28557.3
702,Antoinette,Yerborn,ayerbornjh@free.fr,Female,56,Ntags,296287.05
703,Rey,Cocci,rcocciji@pen.io,Male,20,Zoomdog,185829.0
704,Claretta,Hrynczyk,chrynczykjj@upenn.edu,Female,35,Skyble,343686.99
705,Dar,Syce,dsycejk@homestead.com,Male,50,Dynava,43583.69
706,Stephanie,Poynser,spoynserjl@mediafire.com,Female,20,Meemm,83965.36
707,Ermengarde,Vidloc,evidlocjm@businessinsider.com,Female,25,Linktype,466730.62
708,Kenton,Burkwood,kburkwoodjn@dot.gov,Male,50,Gigabox,156724.44
709,Freeman,Jolliman,fjollimanjo@mayoclinic.com,Non-binary,55,Livefish,555652.29
710,Agathe,Clearley,aclearleyjp@archive.org,Female,29,Yakidoo,555666.58
711,Cherye,Qusklay,cqusklayjq@amazon.co.uk,Female,41,Roodel,100388.97
712,Fairleigh,Devericks,fdevericksjr@google.co.uk,Male,44,Shuffledrive,278263.42
713,Flynn,Dreye,fdreyejs@biglobe.ne.jp,Male,55,Fivebridge,205408.5
714,Cherri,Giorio,cgioriojt@yellowpages.com,Female,38,Buzzshare,452952.2
715,Carolin,Anwyl,canwylju@friendfeed.com,Female,19,Ainyx,303670.19
716,Harcourt,Sinisbury,hsinisburyjv@github.com,Male,26,Jaxworks,58693.42
717,Hoebart,Klain,hklainjw@about.com,Male,50,Yodoo,376106.5
718,Kelsey,Escalante,kescalantejx@flavors.me,Male,59,Demivee,166271.18
719,Marlie,Knobell,mknobelljy@simplemachines.org,Female,47,Devify,31324.8
720,Lock,Vila,lvilajz@apache.org,Male,52,Leexo,192737.49
721,Ophelia,Crollman,ocrollmank0@free.fr,Female,22,Photolist,337057.1
722,Puff,Blaske,pblaskek1@wired.com,Male,27,Snaptags,593910.0
723,Dede,Roderighi,droderighik2@princeton.edu,Female,57,Buzzdog,318000.18
724,Dewain,Chue,dchuek3@cocolog-nifty.com,Male,42,Vitz,295465.84
725,Renault,Harkins,rharkinsk4@senate.gov,Polygender,20,Gabtype,11069.89
726,Dion,Messom,dmessomk5@irs.gov,Male,46,Tavu,245168.14
727,Jared,Dorken,jdorkenk6@skype.com,Male,40,Topiclounge,438545.58
728,Eugenio,Harland,eharlandk7@cpanel.net,Male,53,Katz,522796.75
729,Hailey,Bann,hbannk8@themeforest.net,Male,29,Kwimbee,425368.51
730,Sigvard,Kupka,skupkak9@marriott.com,Male,57,Kwilith,75188.85
731,Lindon,Gilhoolie,lgilhoolieka@craigslist.org,Male,31,Shuffletag,12500.06
732,Rancell,Beltzner,rbeltznerkb@businessweek.com,Male,18,Skimia,535563.58
733,Bella,Bikker,bbikkerkc@imdb.com,Non-binary,26,Wordpedia,280711.99
734,Tibold,Siddell,tsiddellkd@dagondesign.com,Male,33,Gevee,544803.5
735,Luci,Biford,lbifordke@feedburner.com,Female,20,Aivee,50804.21
736,Terri,Ganiclef,tganiclefkf@wordpress.org,Female,45,Quinu,491006.11
737,Tonye,Matchett,tmatchettkg@mlb.com,Female,49,Riffpedia,378963.82
738,Mario,Pudding,mpuddingkh@blogspot.com,Male,18,Youopia,120415.69
739,Bonnibelle,D'Elia,bdeliaki@deliciousdays.com,Female,50,Zoonoodle,493201.41
740,Ole,Armatage,oarmatagekj@tumblr.com,Male,51,Blogtags,105595.18
741,Shina,Philps,sphilpskk@indiatimes.com,Agender,28,Wordpedia,396795.13
742,Kandy,Stote,kstotekl@phpbb.com,Female,44,Devbug,397765.64
743,Abrahan,Yuryatin,ayuryatinkm@cyberchimps.com,Male,50,Yoveo,343898.51
744,Packston,Tomaskov,ptomaskovkn@bloomberg.com,Bigender,27,Fliptune,152819.75
745,Ramonda,Myhan,rmyhanko@de.vu,Female,27,Eamia,371026.74
746,Katie,Liepmann,kliepmannkp@themeforest.net,Female,60,Kanoodle,500192.0
747,Aindrea,Meynell,ameynellkq@icio.us,Female,40,Edgeblab,479142.83
748,Lek,Mustarde,lmustardekr@bbb.org,Male,49,Eidel,211452.33
749,Howard,Handscombe,hhandscombeks@independent.co.uk,Male,19,Blogtags,429151.34
750,Loy,Holme,lholmekt@technorati.com,Male,22,Chatterbridge,501235.58
751,Lanie,Manes,lmanesku@bizjournals.com,Female,58,Voolith,35318.11
752,Gavin,Iorizzi,giorizzikv@creativecommons.org,Male,29,Vinte,224608.09
753,Erny,Lascell,elascellkw@gizmodo.com,Male,34,Rhyzio,46354.34
754,Humberto,Petersen,hpetersenkx@ted.com,Male,52,Skimia,407819.79
755,Tonie,Patis,tpatisky@constantcontact.com,Female,37,Divanoodle,569642.6
756,Oliy,Feria,oferiakz@elpais.com,Female,55,Feedfish,376584.15
757,Kipp,Guillain,kguillainl0@ocn.ne.jp,Female,58,Skilith,552979.84
758,Eleanore,Elesander,eelesanderl1@feedburner.com,Female,31,Meembee,235513.92
759,Derrek,Salliere,dsallierel2@sina.com.cn,Agender,38,Livepath,325371.77
760,Leicester,Sinkins,lsinkinsl3@cisco.com,Male,44,Jaxbean,232543.63
761,Violet,Polkinhorn,vpolkinhornl4@geocities.jp,Female,46,Meetz,83551.86
762,Fergus,Pepler,fpeplerl5@wsj.com,Male,48,Tavu,271474.12
763,Barney,Rilings,brilingsl6@patch.com,Male,36,Skipstorm,92844.03
764,Pearce,Brazelton,pbrazeltonl7@etsy.com,Male,42,Dynava,234109.26
765,Cristie,Coley,ccoleyl8@ucsd.edu,Female,26,Camido,195335.96
766,Tallulah,Escalera,tescaleral9@independent.co.uk,Genderfluid,56,Gigashots,572825.62
767,Letisha,Denisovo,ldenisovola@symantec.com,Female,60,Realcube,67686.39
768,Hube,Blackborough,hblackboroughlb@sourceforge.net,Male,54,Skyba,232958.55
769,Barbette,Dunican,bdunicanlc@stanford.edu,Female,44,Muxo,503499.6
770,Gherardo,Putt,gputtld@washington.edu,Bigender,39,Jabbersphere,396973.91
771,Daniella,Kampshell,dkampshellle@1688.com,Female,45,Rhyloo,471152.15
772,Gavrielle,Varne,gvarnelf@last.fm,Female,18,Babbleopia,224757.73
773,Jolyn,Mouse,jmouselg@nymag.com,Female,54,Podcat,221889.46
774,Kincaid,Petkovic,kpetkoviclh@auda.org.au,Male,41,Jazzy,91110.88
775,Marijo,Lory,mloryli@github.io,Female,21,Oyoloo,293589.35
776,Devi,Portchmouth,dportchmouthlj@1688.com,Female,53,Brainbox,296162.14
777,Allard,Penhalurick,apenhaluricklk@cdc.gov,Male,55,Gabtune,245036.62
778,Thornton,Hardy-Piggin,thardypigginll@jiathis.com,Genderqueer,47,Thoughtsphere,327124.78
779,Kynthia,Pibworth,kpibworthlm@apache.org,Female,27,Realbridge,245069.13
780,Donny,Crevy,dcrevyln@t.co,Female,35,Skynoodle,12085.98
781,Carce,Stobie,cstobielo@vimeo.com,Male,44,Youbridge,251922.58
782,Gabi,Waycot,gwaycotlp@unicef.org,Female,32,Photospace,308571.78
783,Bret,Northcote,bnorthcotelq@bbc.co.uk,Male,50,Photobug,366118.06
784,Eduard,Tapsfield,etapsfieldlr@ask.com,Male,43,Skimia,261540.11
785,Solomon,Higgonet,shiggonetls@netscape.com,Male,45,Demizz,133707.04
786,Grant,Miko,gmikolt@arizona.edu,Male,56,Edgeify,258075.1
787,Ibby,Hucke,ihuckelu@themeforest.net,Female,33,Jazzy,355265.17
788,Hamlen,O'Beirne,hobeirnelv@yahoo.co.jp,Male,20,Ntags,506572.7
789,Scot,Habberjam,shabberjamlw@blogs.com,Male,44,Devbug,543054.37
790,Bunny,Whatham,bwhathamlx@jalbum.net,Female,47,Devpulse,317868.94
791,Filia,Matteotti,fmatteottily@blogspot.com,Female,36,Viva,134414.47
792,Colan,Yatman,cyatmanlz@weather.com,Male,60,Kazu,412285.83
793,Denna,Moring,dmoringm0@wisc.edu,Female,20,Snaptags,369877.14
794,Syman,McGrale,smcgralem1@addthis.com,Bigender,34,Buzzshare,231647.55
795,Stephani,Menlove,smenlovem2@disqus.com,Female,45,Katz,507300.89
796,Ingemar,Holyland,iholylandm3@buzzfeed.com,Genderqueer,50,Dablist,195716.38
797,Barb,Flicker,bflickerm4@boston.com,Female,20,Skinder,11249.27
798,Agathe,Carine,acarinem5@nydailynews.com,Female,24,Browsecat,548312.17
799,Kylie,Swatheridge,kswatheridgem6@seesaa.net,Male,52,Eabox,208069.97
800,Mallissa,Aries,mariesm7@merriam-webster.com,Female,47,Meembee,503417.66
801,Lynde,MacCallister,lmaccallisterm8@drupal.org,Female,28,Edgepulse,38547.65
802,Anissa,Johansen,ajohansenm9@posterous.com,Polygender,30,Quimba,421561.37
803,Mirella,Balchen,mbalchenma@jigsy.com,Female,28,Midel,548599.65
804,Robina,Di Carlo,rdicarlomb@hugedomains.com,Female,18,Chatterpoint,183335.73
805,Mischa,MacColgan,mmaccolganmc@themeforest.net,Male,18,Quimba,550495.66
806,Verene,Snary,vsnarymd@utexas.edu,Female,25,Lajo,74132.05
807,Noami,Farlow,nfarlowme@wordpress.com,Female,19,Gabspot,59070.41
808,Alec,Fordyce,afordycemf@nasa.gov,Male,26,Katz,593142.51
809,Camile,Muckeen,cmuckeenmg@csmonitor.com,Female,55,Devpulse,160719.53
810,Clim,Diche,cdichemh@mail.ru,Male,25,Yabox,186586.83
811,Betty,Elgee,belgeemi@lycos.com,Female,42,Twitterworks,320116.88
812,Guthrie,Vedntyev,gvedntyevmj@amazon.co.uk,Male,59,Miboo,530231.01
813,Jerrylee,Downham,jdownhammk@instagram.com,Female,44,Dynabox,278281.32
814,Shir,McClune,smccluneml@apple.com,Female,40,Mita,310521.89
815,Ynes,Graffin,ygraffinmm@delicious.com,Female,22,Yodel,71155.9
816,Gracie,Ridgewell,gridgewellmn@accuweather.com,Female,26,Shufflebeat,146766.6
817,Carry,Kimbell,ckimbellmo@zimbio.com,Female,48,Topicware,298017.25
818,Devlin,Rounding,droundingmp@google.com.hk,Male,38,Trudoo,188692.36
819,Artemas,Robotham,arobothammq@bloglovin.com,Male,32,Demizz,201242.63
820,Tod,Denk,tdenkmr@cbsnews.com,Male,40,Tagchat,195112.99
821,Sallyanne,Hatto,shattoms@whitehouse.gov,Female,50,Bubblebox,137535.84
822,Lacie,Outerbridge,louterbridgemt@github.com,Female,31,Kanoodle,427206.19
823,Faina,Leyninye,fleyninyemu@jiathis.com,Female,39,Zoomlounge,79917.59
824,Ania,Sloss,aslossmv@bloomberg.com,Female,34,Lazz,304439.65
825,Rosene,Blouet,rblouetmw@guardian.co.uk,Female,45,Jaxbean,475851.93
826,Cathie,Arkil,carkilmx@wikipedia.org,Non-binary,31,Photolist,221899.88
827,Curtis,De Lisle,cdelislemy@prnewswire.com,Male,55,Oloo,526947.47
828,Brice,Bart,bbartmz@cbslocal.com,Male,55,Nlounge,63977.96
829,Rose,Winspurr,rwinspurrn0@163.com,Genderqueer,28,Quire,357072.55
830,Ebenezer,Espley,eespleyn1@people.com.cn,Male,41,Meembee,493920.98
831,Gram,Celiz,gcelizn2@linkedin.com,Male,31,Livepath,16552.9
832,Free,Lamplough,flamploughn3@mediafire.com,Male,36,Pixope,551783.58
833,Darline,Pitfield,dpitfieldn4@icio.us,Female,20,Zooxo,242549.43
834,Hunter,Klamp,hklampn5@cpanel.net,Male,35,Agivu,562623.44
835,Humfrey,Simonetto,hsimonetton6@omniture.com,Male,29,Blognation,184297.83
836,Levi,Ibbott,libbottn7@bluehost.com,Male,46,Abatz,229961.07
837,Devlen,Brenston,dbrenstonn8@house.gov,Male,56,Twinte,520064.38
838,Delila,Rickis,drickisn9@seesaa.net,Female,43,Kazu,557986.17
839,Bartram,Jouanny,bjouannyna@epa.gov,Male,51,Teklist,590335.81
840,Catie,Richardon,crichardonnb@wix.com,Polygender,36,Shufflester,474953.68
841,Lane,Heffron,lheffronnc@typepad.com,Female,35,Fatz,82758.55
842,Marketa,Pressdee,mpressdeend@cam.ac.uk,Female,57,Jabbercube,452873.84
843,Edan,Marfield,emarfieldne@mit.edu,Male,49,Realcube,102677.17
844,Perry,Hadye,phadyenf@tuttocitta.it,Male,34,Tavu,330373.63
845,Jeffrey,Carthy,jcarthyng@opera.com,Male,51,Geba,424413.68
846,Cello,Narup,cnarupnh@nature.com,Male,44,Jaxnation,18911.09
847,Lorraine,Surgey,lsurgeyni@opensource.org,Female,52,Kanoodle,55279.76
848,Lauren,Breens,lbreensnj@mysql.com,Bigender,55,Lazz,138231.79
849,Cece,Tooze,ctoozenk@issuu.com,Male,40,Tambee,124384.33
850,Reinaldo,Brogioni,rbrogioninl@rambler.ru,Male,38,Yotz,391020.44
851,Garv,Sappell,gsappellnm@tripadvisor.com,Male,50,Gevee,555760.1
852,Ike,Thorne,ithornenn@moonfruit.com,Male,46,Yombu,17893.49
853,Isidor,Mound,imoundno@statcounter.com,Male,41,Demizz,407900.2
854,Paul,McEvay,pmcevaynp@theatlantic.com,Male,55,Jamia,97723.71
855,Lorelei,Grasser,lgrassernq@europa.eu,Female,51,Jetwire,580882.9
856,Lewie,Swaffer,lswaffernr@senate.gov,Male,40,Photobug,563266.19
857,Umberto,Drewet,udrewetns@facebook.com,Male,27,Rhyzio,182439.81
858,Ludovika,Gurner,lgurnernt@marketwatch.com,Female,50,Tagtune,81570.79
859,Braden,Sherland,bsherlandnu@ft.com,Male,23,Feedfish,270434.43
860,Jenna,Hansie,jhansienv@ameblo.jp,Female,34,Tagtune,271103.81
861,Isidro,Desouza,idesouzanw@ycombinator.com,Male,31,Yodo,115877.01
862,Carmella,Sigfrid,csigfridnx@t.co,Female,60,Divanoodle,276928.61
863,Ashley,Tesh,ateshny@4shared.com,Female,59,Dabvine,47350.42
864,Donetta,Wilkie,dwilkienz@github.com,Female,50,Feednation,445891.52
865,Virge,Laslett,vlasletto0@chron.com,Male,32,Topicstorm,486686.26
866,Port,Jessep,pjessepo1@alibaba.com,Male,48,Geba,83467.29
867,Inez,Rigler,iriglero2@joomla.org,Female,36,Jaxbean,496557.09
868,Nan,Levane,nlevaneo3@google.co.jp,Female,54,Edgewire,12558.23
869,Emmey,Bettis,ebettiso4@cyberchimps.com,Female,52,Kamba,133908.1
870,Hamish,Alyokhin,halyokhino5@sitemeter.com,Male,58,Yodo,144889.57
871,Edik,Skilling,eskillingo6@alibaba.com,Male,49,Teklist,185972.94
872,Pyotr,Yeskov,pyeskovo7@spotify.com,Male,50,Realbuzz,105027.07
873,Ethel,Marran,emarrano8@tamu.edu,Female,44,Rhynoodle,267243.73
874,Ardelle,Izakson,aizaksono9@cmu.edu,Female,22,Skyvu,263418.62
875,Darb,Cordrey,dcordreyoa@dailymotion.com,Male,58,Jatri,472583.55
876,Julienne,Huston,jhustonob@barnesandnoble.com,Female,43,Centizu,357761.14
877,Booth,Sollett,bsollettoc@qq.com,Male,39,Oodoo,46859.47
878,Howey,Bernetti,hbernettiod@nature.com,Male,37,Yozio,358883.04
879,Iona,Abilowitz,iabilowitzoe@51.la,Female,47,Npath,554233.06
880,Ulrica,Titterington,utitteringtonof@soup.io,Female,53,Jayo,113688.17
881,Dalia,Braithwaite,dbraithwaiteog@infoseek.co.jp,Female,55,Twitterwire,199170.93
882,Daniele,Ansett,dansettoh@qq.com,Female,40,Jayo,443416.25
883,Justinn,Zellick,jzellickoi@cyberchimps.com,Female,23,Janyx,370342.82
884,Sheridan,Christian,schristianoj@fda.gov,Male,38,Roomm,338906.18
885,Miguel,Branche,mbrancheok@ucla.edu,Male,54,Twitterworks,128865.66
886,Margarethe,Riglar,mriglarol@pbs.org,Female,43,Linkbuzz,282317.32
887,Laurice,Pennetta,lpennettaom@nih.gov,Female,41,Cogibox,493728.23
888,Devi,Oneil,doneilon@lycos.com,Female,50,Topicstorm,165693.25
889,Reggie,Biss,rbissoo@stanford.edu,Male,45,Mudo,564882.0
890,Garold,Reeson,greesonop@t-online.de,Male,36,Photolist,210332.04
891,Maye,Trim,mtrimoq@phpbb.com,Female,20,Skipstorm,256733.8
892,Corrina,Hasluck,chasluckor@auda.org.au,Female,42,Photofeed,493832.92
893,Meta,Bricksey,mbrickseyos@umn.edu,Polygender,51,Meevee,397321.38
894,Joella,Osbaldeston,josbaldestonot@fda.gov,Female,39,Dynava,513464.25
895,Joshuah,Duckham,jduckhamou@samsung.com,Male,54,Fivechat,177141.46
896,Karol,Finlater,kfinlaterov@ox.ac.uk,Genderqueer,40,Dabvine,230081.02
897,Wilhelmine,Bessell,wbessellow@mapy.cz,Female,36,Snaptags,38060.14
898,Hildagarde,Fennell,hfennellox@sun.com,Female,49,Chatterpoint,174174.35
899,Jacquette,Emlin,jemlinoy@army.mil,Female,21,Photospace,95695.51
900,Joelle,Fearfull,jfearfulloz@tinypic.com,Female,38,Topicblab,165304.81
901,Jacklin,Haigh,jhaighp0@reverbnation.com,Female,22,Feedspan,446123.42
902,Queenie,Van Salzberger,qvansalzbergerp1@mlb.com,Female,49,Quinu,509102.1
903,Saba,Chesshyre,schesshyrep2@blogspot.com,Female,22,Gigazoom,62650.54
904,Conroy,Nann,cnannp3@mtv.com,Male,54,Zazio,561082.5
905,Gardener,Cogley,gcogleyp4@mysql.com,Male,19,Wikivu,115331.24
906,Teriann,Shevill,tshevillp5@amazon.co.jp,Female,30,Mybuzz,202171.02
907,Carrol,Weth,cwethp6@tinyurl.com,Male,33,Dabshots,544408.04
908,Thornton,Tolhurst,ttolhurstp7@vimeo.com,Male,30,Tagfeed,527993.85
909,Artus,Derill,aderillp8@examiner.com,Male,35,Feedspan,500942.6
910,Lavena,Marian,lmarianp9@hhs.gov,Female,39,Oyoyo,478205.51
911,Esteban,Terbrug,eterbrugpa@mozilla.org,Male,32,Muxo,526735.1
912,Brent,Antonchik,bantonchikpb@cbsnews.com,Male,42,Mynte,12650.57
913,Hammad,Bulmer,hbulmerpc@discovery.com,Male,26,Quimm,43336.18
914,Demetra,Lobe,dlobepd@webeden.co.uk,Agender,45,Mybuzz,328096.84
915,Nelson,Matushevitz,nmatushevitzpe@ow.ly,Male,60,Eamia,433814.07
916,Leda,Henker,lhenkerpf@plala.or.jp,Female,47,Twitterbridge,16985.57
917,Kessiah,Piesing,kpiesingpg@nationalgeographic.com,Female,54,Cogidoo,251822.55
918,Neil,Twelves,ntwelvesph@jimdo.com,Male,34,Meetz,415814.66
919,Neal,Bugbird,nbugbirdpi@sitemeter.com,Male,36,Zoombox,490383.8
920,Kincaid,Tuley,ktuleypj@wp.com,Male,37,Janyx,10147.44
921,Albert,Mitkov,amitkovpk@discovery.com,Male,57,Wordtune,160814.35
922,Griswold,Cayet,gcayetpl@guardian.co.uk,Male,31,Tagchat,538915.27
923,Tiffy,Newsome,tnewsomepm@japanpost.jp,Genderqueer,31,Cogidoo,568555.16
924,Lothaire,Grubey,lgrubeypn@skyrock.com,Male,34,Brainverse,592236.83
925,Bibi,Schooley,bschooleypo@odnoklassniki.ru,Female,20,Topdrive,54529.67
926,Vasili,MacDearmid,vmacdearmidpp@usnews.com,Male,51,Tambee,479835.46
927,Walther,Borsi,wborsipq@unicef.org,Male,18,Devbug,596685.33
928,Kinna,MacAvaddy,kmacavaddypr@hhs.gov,Female,47,Aimbo,78382.38
929,Durward,Loan,dloanps@dropbox.com,Male,46,Fiveclub,564325.31
930,Jacinda,Blasoni,jblasonipt@elegantthemes.com,Female,60,Eimbee,134194.5
931,Kasper,Arnaut,karnautpu@vkontakte.ru,Male,51,Skivee,341167.7
932,North,Faulkener,nfaulkenerpv@wikimedia.org,Non-binary,32,Vitz,277113.17
933,Ellswerth,Veillard,eveillardpw@ezinearticles.com,Male,59,Zoomdog,217035.33
934,Sollie,Shillabeare,sshillabearepx@auda.org.au,Male,20,Topicstorm,183504.97
935,Ari,Pellitt,apellittpy@jigsy.com,Male,36,Yacero,345712.0
936,Zackariah,Galbreth,zgalbrethpz@macromedia.com,Male,53,Tambee,505588.37
937,Kerr,Nunns,knunnsq0@hostgator.com,Male,40,Trudeo,118582.77
938,Arliene,Pipkin,apipkinq1@amazon.co.jp,Female,22,Eare,73331.68
939,Godfrey,Sangra,gsangraq2@reverbnation.com,Male,58,Mynte,319907.54
940,Gina,Flipek,gflipekq3@free.fr,Female,44,Pixonyx,597350.31
941,Maddalena,Arendsen,marendsenq4@tumblr.com,Female,36,Flipopia,591142.77
942,Leo,Aburrow,laburrowq5@state.tx.us,Male,32,Wordify,524349.94
943,Ilsa,Linke,ilinkeq6@jugem.jp,Female,27,Oyoyo,379270.09
944,Kelsey,Goodbarne,kgoodbarneq7@surveymonkey.com,Female,56,Jatri,214303.77
945,Issie,Prickett,iprickettq8@naver.com,Polygender,56,Devpulse,539298.51
946,Gilberto,Warlock,gwarlockq9@geocities.jp,Male,32,Yombu,87239.07
947,Oswald,Metterick,ometterickqa@mapy.cz,Male,28,Riffwire,583456.65
948,Verine,Barfield,vbarfieldqb@indiatimes.com,Female,54,Jetpulse,573823.95
949,Hyman,Beese,hbeeseqc@jalbum.net,Male,53,Yoveo,469181.95
950,Emogene,Mouan,emouanqd@flickr.com,Female,54,Nlounge,66749.12
951,Anissa,Sickert,asickertqe@stanford.edu,Female,49,Trudoo,506904.93
952,Annadiana,O' Flaherty,aoflahertyqf@phpbb.com,Female,57,Jayo,176267.05
953,Crystie,Locarno,clocarnoqg@foxnews.com,Female,28,Twiyo,66311.39
954,Cleve,Chaffey,cchaffeyqh@rediff.com,Male,32,Jetpulse,571196.52
955,Far,Milward,fmilwardqi@people.com.cn,Male,20,Trilia,452103.6
956,Noell,Lidgey,nlidgeyqj@disqus.com,Female,41,Edgewire,561161.07
957,Glad,Draude,gdraudeqk@theguardian.com,Genderfluid,26,Rhynyx,488452.05
958,Prinz,Checchetelli,pchecchetelliql@hhs.gov,Male,37,Skyba,67191.17
959,Skell,McArdle,smcardleqm@go.com,Male,18,Yombu,71563.76
960,Frank,Walewski,fwalewskiqn@wsj.com,Genderqueer,53,Feedmix,482600.52
961,Gilbertina,Jolland,gjollandqo@toplist.cz,Female,55,Thoughtsphere,57004.55
962,Aluino,Polden,apoldenqp@businessinsider.com,Male,53,Yotz,96981.78
963,Abbott,Deevey,adeeveyqq@bigcartel.com,Bigender,51,Brainverse,58798.78
964,Gigi,Lascelles,glascellesqr@psu.edu,Female,25,Quinu,60846.41
965,Danell,Barthod,dbarthodqs@imdb.com,Female,59,Feednation,524370.0
966,Skippy,Onraet,sonraetqt@live.com,Male,19,Babbleblab,150834.32
967,Clareta,Bachman,cbachmanqu@prweb.com,Female,56,Voolith,496948.06
968,Kenn,Feasey,kfeaseyqv@cisco.com,Male,47,Skinix,461937.89
969,Woodrow,Ordemann,wordemannqw@bbb.org,Male,43,Quinu,212738.33
970,Park,Jachimak,pjachimakqx@clickbank.net,Male,55,Leenti,92305.42
971,Darla,Merner,dmernerqy@desdev.cn,Female,53,Edgetag,363743.05
972,Moyna,Whaites,mwhaitesqz@imdb.com,Female,35,Jayo,517392.13
973,Klement,Cratchley,kcratchleyr0@naver.com,Male,38,Browsebug,260655.8
974,Timmie,Shellard,tshellardr1@constantcontact.com,Female,29,Wikibox,459989.21
975,Kelli,Croxton,kcroxtonr2@phoca.cz,Female,54,Tambee,341213.92
976,Eolanda,Cleworth,ecleworthr3@amazon.co.jp,Female,26,Edgeify,346191.78
977,Tracey,Grayshan,tgrayshanr4@ibm.com,Male,19,Vinte,453418.93
978,Teri,Choudhury,tchoudhuryr5@skype.com,Female,60,Tagchat,287976.78
979,Abagael,Reckhouse,areckhouser6@europa.eu,Polygender,35,Jabbersphere,163642.66
980,Gwendolyn,Giveen,ggiveenr7@princeton.edu,Female,19,Zoonder,552016.56
981,Hillel,Hartless,hhartlessr8@nature.com,Male,20,Topicstorm,545065.01
982,Carlye,Shilvock,cshilvockr9@squarespace.com,Female,44,Yodel,349587.51
983,Irene,Kunath,ikunathra@cloudflare.com,Female,40,Aimbu,466701.15
984,Giffy,O' Mahony,gomahonyrb@bloglovin.com,Male,60,Agimba,31861.16
985,Carlene,Ciobutaro,cciobutarorc@over-blog.com,Female,19,Photobug,326453.82
986,Sherm,Mouan,smouanrd@digg.com,Male,47,Vipe,157739.01
987,Marylinda,Bricklebank,mbricklebankre@unesco.org,Female,49,Youopia,119302.26
988,Clarence,Luck,cluckrf@cbc.ca,Male,33,Trunyx,207380.76
989,Aloysius,Bilbery,abilberyrg@soundcloud.com,Genderfluid,40,Ailane,159310.71
990,Berny,Crocken,bcrockenrh@hc360.com,Male,43,Rhycero,364781.28
991,Ethe,Madgett,emadgettri@gov.uk,Male,34,Fivespan,231637.02
992,Cordie,Salasar,csalasarrj@pagesperso-orange.fr,Male,58,Yambee,198037.45
993,Candida,Halstead,chalsteadrk@businesswire.com,Female,40,Fiveclub,501923.91
994,Rutledge,Lathwood,rlathwoodrl@cisco.com,Genderfluid,52,Devshare,573798.25
995,Tristam,Dufour,tdufourrm@163.com,Male,52,Midel,395101.86
996,Susann,Qualtrough,squaltroughrn@furl.net,Female,59,Kamba,331472.01
997,Steffane,Widger,swidgerro@fema.gov,Female,31,Pixonyx,70911.02
998,Sterling,Arghent,sarghentrp@columbia.edu,Male,33,Fivebridge,134468.13
999,Ange,Gather,agatherrq@ted.com,Male,52,Oyoloo,211117.0
1000,Patsy,Frostdick,pfrostdickrr@ucsd.edu,Male,47,Shuffledrive,145228.74
